Resource,Column 8,Path,Min,Max,Max,Description,Available / Missing in KNHTS,Notes,Update Concept ID,Valueset URL,Column 1,Column 2,Column 3,Column 4,Column 5,Column 6,Column 7,Column 9,Column 10,Column 11,Column 12,Column 13,Column 14,Column 15,Column 16,Column 17,Column 18,Column 19
Coverage,,Coverage.id,1,1,id,A unique id for the coverage resource that will be used for referencing within the bundle message.,,,,,,,,,,,,,,,,,,,,,,
Coverage,,Coverage.meta,1,1,Meta,Metadata about a resource,,,,,,,,,,,,,,,,,,,,,,
Coverage,,Coverage.meta.profile,1,*,Canonical,Profiles this resource claims to conform to,,,,,,,,,,,,,,,,,,,,,,
Coverage,,coverage.identifier,1,*,Identifier,A business unique identifier for the insurance certificate.,,,,,,,,,,,,,,,,,,,,,,
Coverage,,coverage.status,1,1,code,"The status of the resource instance. Default value: ""Active""",Missing,,No,http://hl7.org/fhir/ValueSet/fm-status,,,,,,,,,,,,,,,,,,
Coverage,,coverage.type,1,1,CodeableConcept,Coverage category such as medical or accident system: the coding system used code: the type code as per the coding system display: text display of the code,Available & Incomplete,,Yes,https://ilm-hie.dha.go.ke/ocl/orgs/MOH-KENYA/ValueSet/COVERAGE-TYPE/,,,,,,,,,,,,,,,,,,
Coverage,,coverage.policyHolder,0,1,Reference(itm Patient|itm PolicyHolder Organization),Owner of the policy. The patient,,,,,,,,,,,,,,,,,,,,,,
Coverage,,coverage.subscriber,0,1,Reference(itm Patient),Subscriber to the policy. A reference to the patient resource.  The patient,,,,,,,,,,,,,,,,,,,,,,
Coverage,,coverage.subscriberId,0,1,string,ID assigned to the subscriber. The policy subscriber ID from the insurance company. SHA Number,,,,,,,,,,,,,,,,,,,,,,
Coverage,,coverage.beneficiary,1,1,Reference(itm Patient),The party who is the subject of care and whose healthcare costs may be covered under the insurance policy. The Patient,,,,,,,,,,,,,,,,,,,,,,
Coverage,,coverage.dependent,0,1,string,Dependent number issued by an insurer to distinguish between multiple parties covered under the subscriber's policy.,,,,,,,,,,,,,,,,,,,,,,
Coverage,,coverage.relationship,1,1,CodeableConcept,The relationship of the beneficiary to the subscriber eg Self,Missing,,No,http://hl7.org/fhir/ValueSet/subscriber-relationship,,,,,,,,,,,,,,,,,,
Coverage,,coverage.period,0,1,period,"Time period during which the coverage is in force. A missing start date indicates the start date isn't known, a missing end date means the coverage is continuing to be in force",,,,,,,,,,,,,,,,,,,,,,
Coverage,,coverage.payor,1,1,Reference itm Organization(insurer),Issuer of the policy. A reference to the insurance company,,,,,,,,,,,,,,,,,,,,,,
Coverage,,coverage.class,0,*,BackboneElement,Additional coverage classifications. Plan and group,,,,,,,,,,,,,,,,,,,,,,
Coverage,,coverage.class.type,1,1,CodeableConcept,Type of class such as 'group' or 'plan',Available,,Yes,https://ilm-hie.dha.go.ke/ocl/orgs/MOH-KENYA/ValueSet/COVERAGE-CLASS/,,,,,,,,,,,,,,,,,,
Coverage,,coverage.class.value,1,1,String,Value associated with the type. Group ID,,,,,,,,,,,,,,,,,,,,,,
Coverage,,coverage.class.name,0,1,String,Value associated with the type. Group display name,,,,,,,,,,,,,,,,,,,,,,
Coverage,,coverage.network,0,1,string,Insurer network,,,,,,,,,,,,,,,,,,,,,,
Coverage,,coverage.costToBeneficiary,0,*,BackboneElement,Patient payments for services/products. Ex: co-payment,,,,,,,,,,,,,,,,,,,,,,
Coverage,,coverage.costToBeneficiary.type,0,1,CodeableConcept,Cost category. This value set includes sample Coverage Copayment Type codes.,Missing,,No,http://hl7.org/fhir/ValueSet/coverage-copay-type,,,,,,,,,,,,,,,,,,
Coverage,,coverage.costToBeneficiary.valueQuantity,1,1,SimpleQuantity,The amount or percentage due from the beneficiary,,,,,,,,,,,,,,,,,,,,,,
Coverage,,coverage.costToBeneficiary.valueMoney,1,1,Money,money value to be paid by the beneficiary,,,,,,,,,,,,,,,,,,,,,,
Coverage,,coverage.costToBeneficiary.exception,0,*,BackboneElement,Exceptions for patient payments,,,,,,,,,,,,,,,,,,,,,,
Coverage,,coverage.costToBeneficiary.exception.type,1,1,CodeableConcept,Exception category,Missing,,No,http://hl7.org/fhir/ValueSet/coverage-financial-exception,,,,,,,,,,,,,,,,,,
Coverage,,coverage.costToBeneficiary.exception.period,0,1,Period,The effective period of the exception,,,,,,,,,,,,,,,,,,,,,,
Coverage,,coverage.subrogation,0,1,boolean,"Indicates whether this plan is just for other insurers to recover changes from, for example auto, home or workers compensation",,,,,,,,,,,,,,,,,,,,,,
Coverage,,coverage.contract,0,*,Reference(Contract),A list of contracts that this coverage addresses.,,,,,,,,,,,,,,,,,,,,,,
Coverage,,coverage.dependentSequence,0,1,positiveInt,"A sequence number for the dependent, if applicable, to distinguish between multiple dependents on the same policy.",,,,,,,,,,,,,,,,,,,,,,
Coverage,,coverage.subscriberParticipant,0,1,Reference(itm Patient|itm Organization),A reference to a Patient or Organization resource representing the actual subscriber if different from the policyHolder.,,,,,,,,,,,,,,,,,,,,,,
Coverage,,coverage.beneficiaryParticipant,0,1,Reference(itm Patient|itm Organization),A reference to a Patient or Organization resource representing the actual beneficiary if different from the primary beneficiary.,,,,,,,,,,,,,,,,,,,,,,
Coverage,,coverage.order,0,1,positiveInt,"The order of the coverage among multiple other coverages, used for coordination of benefits.",,,,,,,,,,,,,,,,,,,,,,
Coverage,,coverage.copay,0,1,Money or Ratio,The copayment amount or percentage that the beneficiary is responsible for per service.,,,,,,,,,,,,,,,,,,,,,,
Coverage,,coverage.deductible,0,1,Money,The annual deductible amount that the beneficiary must pay before the insurer starts covering costs.,,,,,,,,,,,,,,,,,,,,,,
Coverage,,coverage.coinsurance,0,1,Ratio,The coinsurance percentage that the beneficiary is responsible for after the deductible has been met.,,,,,,,,,,,,,,,,,,,,,,
Coverage,,coverage.maximumBenefits,0,1,Money,"The maximum amount of benefits payable by the plan within a given period (e.g., annual maximum).",,,,,,,,,,,,,,,,,,,,,,
Coverage,,coverage.groupPlan,0,1,Identifier,The group or plan under which the coverage exists.,,,,,,,,,,,,,,,,,,,,,,
Coverage,,coverage.paymentMethod,0,1,CodeableConcept,"The preferred method of payment for the beneficiary's share (e.g., credit card, direct debit).",Available,,Yes,https://ilm-hie.dha.go.ke/ocl/orgs/MOH-KENYA/ValueSet/PAYMENT-METHOD/,,,,,,,,,,,,,,,,,,
Coverage,,coverage.preAuthRequired,0,1,Boolean,Indicates whether pre-authorization is required for services under this coverage.,,,,,,,,,,,,,,,,,,,,,,
Coverage,,coverage.memberStatus,0,1,CodeableConcept,"The current status of the member under this coverage (e.g., 'active', 'suspended', 'terminated').",Available,,Yes,https://ilm-hie.dha.go.ke/ocl/orgs/MOH-KENYA/ValueSet/COVERAGE-MEMBER-STATUS/,,,,,,,,,,,,,,,,,,
Coverage,,coverage.planType,0,1,CodeableConcept,"The specific type of plan (e.g., PPO, HMO, POS, Indemnity).",Available,,Yes,https://ilm-hie.dha.go.ke/ocl/orgs/MOH-KENYA/ValueSet/COVERAGE-PLAN-TYPE/,,,,,,,,,,,,,,,,,,
Coverage,,coverage.eligibilityDate,0,1,date,The effective date from which the beneficiary is eligible for benefits under this coverage.,,,,,,,,,,,,,,,,,,,,,,
Coverage,,coverage.terminationDate,0,1,date,The date on which the coverage for the beneficiary is terminated.,,,,,,,,,,,,,,,,,,,,,,
Coverage,,coverage.serviceArea,0,*,Reference(Location),The geographical area or network within which services are covered by this plan.,,,,,,,,,,,,,,,,,,,,,,
Coverage,,coverage.formulary,0,1,Reference(List),A reference to a list of covered prescription drugs under this plan.,,,,,,,,,,,,,,,,,,,,,,
Coverage,,coverage.enrollmentDate,0,1,date,The date the policyholder or beneficiary was enrolled in this specific coverage.,,,,,,,,,,,,,,,,,,,,,,
Coverage,,coverage.effectivePeriod,0,1,Period,"The period during which this specific coverage information (e.g., class, network) is valid.",,,,,,,,,,,,,,,,,,,,,,
Coverage,,coverage.comments,0,1,markdown,Any additional free-text comments or notes about the coverage.,,,,,,,,,,,,,,,,,,,,,,
Coverage,,coverage.beneficiaryHistory,0,*,Reference(itm Patient),"A list of previous beneficiaries under this policy, for historical tracking.",,,,,,,,,,,,,,,,,,,,,,
Coverage,,coverage.annualLimits,0,*,BackboneElement,"Details on any annual limits applied to specific service categories (e.g., dental, vision).",,,,,,,,,,,,,,,,,,,,,,
Coverage,,coverage.annualLimits.category,1,1,CodeableConcept,The category of service to which the limit applies.,Missing,,No,http://hl7.org/fhir/ValueSet/service-category,,,,,,,,,,,,,,,,,,
Coverage,,coverage.annualLimits.amount,1,1,Money,The maximum monetary amount for the category per year.,,,,,,,,,,,,,,,,,,,,,,
Coverage,,coverage.annualLimits.period,0,1,Period,"The period over which the annual limit applies (e.g., calendar year, policy year).",,,,,,,,,,,,,,,,,,,,,,
Coverage,,coverage.exclusion,0,*,CodeableConcept,A list of services or conditions that are explicitly not covered by this plan.,Available,,Yes,https://ilm-hie.dha.go.ke/ocl/orgs/MOH-KENYA/ValueSet/COVERAGE-EXCLUSION-REASON/,,,,,,,,,,,,,,,,,,
Coverage,,coverage.waiver,0,*,BackboneElement,Conditions or services for which coverage has been waived under specific circumstances.,,,,,,,,,,,,,,,,,,,,,,
Coverage,,coverage.waiver.period,0,1,Period,The period during which the waiver is active.,,,,,,,,,,,,,,,,,,,,,,
Coverage,,coverage.guaranteeCertificate,0,1,Identifier,"An identifier or reference to a guarantee certificate, if applicable.",,,,,,,,,,,,,,,,,,,,,,
Coverage,,coverage.memberCardImage,0,1,Reference(DocumentReference),A reference to an image of the member's insurance card.,,,,,,,,,,,,,,,,,,,,,,
Coverage,,coverage.dependentSequence,0,1,positiveInt,Sequence number for dependent,,,,,,,,,,,,,,,,,,,,,,
Coverage,,coverage.subscriberParticipant,0,1,Reference(Patient|Organization),Actual subscriber if different from policyHolder,,,,,,,,,,,,,,,,,,,,,,
Coverage,,coverage.beneficiaryParticipant,0,1,Reference(Patient|Organization),Actual beneficiary if different from primary beneficiary,,,,,,,,,,,,,,,,,,,,,,
Coverage,,coverage.order,0,1,positiveInt,Order of coverage for coordination of benefits,,,,,,,,,,,,,,,,,,,,,,
Coverage,,coverage.copay,0,1,Money|Ratio,Copayment amount or percentage per service,,,,,,,,,,,,,,,,,,,,,,
Coverage,,coverage.deductible,0,1,Money,Annual deductible amount,,,,,,,,,,,,,,,,,,,,,,
Coverage,,coverage.coinsurance,0,1,Ratio,Coinsurance percentage,,,,,,,,,,,,,,,,,,,,,,
Coverage,,coverage.maximumBenefits,0,1,Money,Maximum benefits payable in a period,,,,,,,,,,,,,,,,,,,,,,
Coverage,,coverage.groupPlan,0,1,Identifier,Group or plan identifier,,,,,,,,,,,,,,,,,,,,,,
Coverage,,coverage.preAuthRequired,0,1,boolean,Whether preauthorization is required,,,,,,,,,,,,,,,,,,,,,,
Coverage,,coverage.preAuthExclusions,0,*,CodeableConcept,Services excluded from preauthorization,Available,,Yes,https://ilm-hie.dha.go.ke/ocl/orgs/MOH-KENYA/ValueSet/PREAUTH-EXCLUSION-REASON/,,,,,,,,,,,,,,,,,,
Coverage,,coverage.memberStatus,0,1,CodeableConcept,Current member status,Available,,Yes,https://ilm-hie.dha.go.ke/ocl/orgs/MOH-KENYA/ValueSet/COVERAGE-MEMBER-STATUS/,,,,,,,,,,,,,,,,,,
Coverage,,coverage.eligibilityDate,0,1,date,Eligibility start date,,,,,,,,,,,,,,,,,,,,,,
Coverage,,coverage.terminationDate,0,1,date,Coverage termination date,,,,,,,,,,,,,,,,,,,,,,
Coverage,,coverage.enrollmentDate,0,1,date,Enrollment date,,,,,,,,,,,,,,,,,,,,,,
Coverage,,coverage.serviceArea,0,*,Reference(Location),Geographic service area,,,,,,,,,,,,,,,,,,,,,,
Coverage,,coverage.formulary,0,1,Reference(List),Covered drug formulary,,,,,,,,,,,,,,,,,,,,,,
Coverage,,coverage.effectivePeriod,0,1,Period,Validity period of coverage info,,,,,,,,,,,,,,,,,,,,,,
Coverage,,coverage.comments,0,1,markdown,Free-text comments,,,,,,,,,,,,,,,,,,,,,,
Coverage,,coverage.contract,0,*,Reference(Contract),Associated contracts,,,,,,,,,,,,,,,,,,,,,,
Coverage,,coverage.beneficiaryHistory,0,*,Reference(Patient),Previous beneficiaries,,,,,,,,,,,,,,,,,,,,,,
Coverage,,coverage.annualLimits,0,*,BackboneElement,Annual service limits,,,,,,,,,,,,,,,,,,,,,,
Coverage,,coverage.annualLimits.amount,1,1,Money,Annual limit amount,,,,,,,,,,,,,,,,,,,,,,
Coverage,,coverage.annualLimits.period,0,1,Period,Annual limit period,,,,,,,,,,,,,,,,,,,,,,
Coverage,,coverage.waiver,0,*,BackboneElement,Waived services or conditions,,,,,,,,,,,,,,,,,,,,,,
Coverage,,coverage.waiver.type,0,1,CodeableConcept,Waiver type,Available,,Yes,https://ilm-hie.dha.go.ke/ocl/orgs/MOH-KENYA/ValueSet/WAIVER-TYPE/,,,,,,,,,,,,,,,,,,
Coverage,,coverage.waiver.period,0,1,Period,Waiver effective period,,,,,,,,,,,,,,,,,,,,,,
Coverage,,coverage.guaranteeCertificate,0,1,Identifier,Guarantee certificate identifier,,,,,,,,,,,,,,,,,,,,,,
Coverage,,coverage.memberCardImage,0,1,Reference(DocumentReference),Insurance card image,,,,,,,,,,,,,,,,,,,,,,
Claim,,Claim.extension,0,*,Extension,Optional Extensions Element,,,,,,,,,,,,,,,,,,,,,,
Claim,,Claim.extension.batch-identifier,0,1,Identifier,,,,,,,,,,,,,,,,,,,,,,,
Claim,,Claim.extension.batch-number,0,1,positiveInt,The number associated with a claim within a Batch.,,,,,,,,,,,,,,,,,,,,,,
Claim,,Claim.extension.batch-period,0,1,period 2,The date associated with the Batch.Batch Date,,,,,,,,,,,,,,,,,,,,,,
Claim,,Claim.extension.diagnosisRelatedGroup,0,1,CodeableConcept,create extension to hold the DRG - Codesystem (AR DRG) and Valueset Required,,,,http://hl7.org/fhir/ValueSet/ex-diagnosisrelatedgroup,,,,,,,,,,,,,,,,,,
Claim,,Claim.encounter,0,1,Reference (itm encounter),create extension to refer to the encounter,,,,,,,,,,,,,,,,,,,,,,
Claim,,Claim.extension.eligibilityResponse,0,1,Reference (itm eligibilityResponse),.reference to coverage eligibility response ID,,,,,,,,,,,,,,,,,,,,,,
Claim,,Claim.extension.eligibilityOffLine,0,1,string,string will contain a reference value from the payer,,,,,,,,,,,,,,,,,,,,,,
Claim,,Claim.extension.eligibilityOffLineDate,0,1,dateTime,Date when the offline check was done,,,,,,,,,,,,,,,,,,,,,,
Claim,,Claim.extension.authorizationOffLineDate,0,1,dateTime,Date when the offline check could not be performed,,,,,,,,,,,,,,,,,,,,,,
Claim,,Claim.extension.priorauthResponse,0,1,"Reference (itm AuthorizationResponse ClaimResponse, advanced Authorization)",.reference to priorauthorization response ID,,,,,,,,,,,,,,,,,,,,,,
Claim,,Claim.extension.episode,1,1,Identifier,The provider specific episode identifier.,,,,,,,,,,,,,,,,,,,,,,
Claim,,Claim.extension.newborn,0,1,Boolean,Flag to identify that this claim is for a newborn,,,,,,,,,,,,,,,,,,,,,,
Claim,,Claim.identifier,1,1,Identifier,A unique identifier assigned to this claim.,,,,,,,,,,,,,,,,,,,,,,
Claim,,Claim.status,1,1,code,The status of the resource instance.,Available & Incomplete,,Yes,https://ilm-hie.dha.go.ke/ocl/orgs/MOH-KENYA/ValueSet/CLAIM-STATUS/,,,,,,,,,,,,,,,,,,
Claim,,Claim.type,1,1,CodeableConcept,"The category of claim, Institutional in this profile",Available & Incomplete,,Yes,https://ilm-hie.dha.go.ke/ocl/orgs/MOH-KENYA/ValueSet/CLAIM-TYPE/,,,,,,,,,,,,,,,,,,
Claim,,Claim.subType,0,1,CodeableConcept,A finer grained suite of claim type codes which may convey additional information such as Inpatient vs Outpatient and/or a specialty service.,Available,,Yes,https://ilm-hie.dha.go.ke/ocl/orgs/MOH-KENYA/ValueSet/CLAIM-SUBTYPE/,,,,,,,,,,,,,,,,,,
Claim,,Claim.use,1,1,code,A code to indicate whether the nature of the request is: to request adjudication of products and services previously rendered; or requesting authorization and adjudication for provision in the future; or requesting the non-binding adjudication of the listed products and services which could be provided in the future.,Available,,Yes,https://ilm-hie.dha.go.ke/ocl/orgs/MOH-KENYA/ValueSet/CLAIM-USE/,,,,,,,,,,,,,,,,,,
Claim,,Claim.patient,1,1,Reference itm Patient(Patient) profile,The party to whom the professional services and/or products have been supplied or are being considered and for whom actual or forecast reimbursement is sought.,,,,,,,,,,,,,,,,,,,,,,
Claim,,Claim.billablePeriod,1,1,Period 2,The period for which charges are being submitted.,,,,,,,,,,,,,,,,,,,,,,
Claim,,Claim.created,1,1,dateTime,The date this resource was created.,,,,,,,,,,,,,,,,,,,,,,
Claim,,Claim.insurer,1,1,Reference itm Organization(Insurer) profile,The Insurer who is target of the request.,,,,,,,,,,,,,,,,,,,,,,
Claim,,Claim.provider,1,1,Reference itm Organization(Provider) profile,"The provider which is responsible for the claim, predetermination or preauthorization.",,,,,,,,,,,,,,,,,,,,,,
Claim,,Claim.priority,1,1,CodeableConcept,"The provider-required urgency of processing the request. Typical values include: stat, routine deferred.",Missing,,No,http://hl7.org/fhir/ValueSet/process-priority,,,,,,,,,,,,,,,,,,
Claim,,Claim.related,0,*,BackboneElement,Other claims which are related to this claim such as prior submissions or claims for related services or for the same event.,,,,,,,,,,,,,,,,,,,,,,
Claim,,Claim.related.claim,1,1,Reference to itm Claim,Reference to a related claim.,,,,,,,,,,,,,,,,,,,,,,
Claim,,Claim.prescription,0,1,"Reference (MedicationRequest, DeviceRequest,  and VisionRequest ) profiles","Prescription to support the dispensing of pharmacy, device or vision products.",,,,,,,,,,,,,,,,,,,,,,
Claim,,Claim.originalPrescription,0,1,Reference (MedicationRequest) profile,"Original prescription which has been superseded by this prescription to support the dispensing of pharmacy services, medications or products.",,,,,,,,,,,,,,,,,,,,,,
Claim,,Claim.payee,1,1,BackboneElement,The party to be reimbursed for cost of the products and services according to the terms of the policy.,,,,,,,,,,,,,,,,,,,,,,
Claim,,Claim.payee.type,1,1,CodeableConcept,"Type of Party to be reimbursed: subscriber, provider, other.",Missing,,No,http://hl7.org/fhir/ValueSet/payeetype,,,,,,,,,,,,,,,,,,
Claim,,Claim.payee.party,0,1,Reference itm Patien or itm Organization(provider) if 'other',Reference to the individual or organization to whom any payment will be made.,,,,,,,,,,,,,,,,,,,,,,
Claim,,Claim.referral,0,1,Reference ServiceRequest(referral) profile,A reference to a referral resource.,,,,,,,,,,,,,,,,,,,,,,
Claim,,Claim.facility,0,1,Reference  itm Location profile,Facility where the services were provided.,,,,,,,,,,,,,,,,,,,,,,
Claim,,Claim.careTeam,1,*,BackboneElement,The members of the team who provided the products and services.,,,,,,,,,,,,,,,,,,,,,,
Claim,,Claim.careTeam.sequence,1,*,positiveInt,A number to uniquely identify care team entries.,,,,,,,,,,,,,,,,,,,,,,
Claim,,Claim.careTeam.provider,1,1,Reference(itm ractitioner | itm PractitionerRole) profile,Member of the team who provided the product or service.,,,,,,,,,,,,,,,,,,,,,,
Claim,,Claim.careTeam.role,1,1,CodeableConcept,"The lead, assisting or supervising practitioner and their discipline if a multidisciplinary team.",Available & Incomplete,,Yes,https://ilm-hie.dha.go.ke/ocl/orgs/MOH-KENYA/ValueSet/CLAIM-CARE-TEAM-ROLE/,,,,,,,,,,,,,,,,,,
Claim,,Claim.careTeam.qualification,1,1,CodeableConcept,The qualification of the practitioner which is applicable for this service,Missing,,No,http://hl7.org/fhir/ValueSet/provider-qualification,,,,,,,,,,,,,,,,,,
Claim,,Claim.supportingInfo,0,*,BackboneElement,"Additional information codes regarding exceptions, special considerations, the condition, situation, prior or concurrent issues.",,,,,,,,,,,,,,,,,,,,,,
Claim,,Claim.supportingInfo.sequence,1,1,positiveInt,A number to uniquely identify supporting information entries.,,,,,,,,,,,,,,,,,,,,,,
Claim,,Claim.supportingInfo.category,1,1,CodeableConcept,"The general class of the information supplied: information; exception; accident, employment; onset, etc.",Missing,,No,http://hl7.org/fhir/ValueSet/claim-informationcategory,,,,,,,,,,,,,,,,,,
Claim,,Claim.supportingInfo.code,0,1,CodeableConcept,"System and code pertaining to the specific information regarding special conditions relating to the setting, treatment or patient  for which care is sought. Identify all the possible codes that should be added under this valueset eg do you have another health insureance, visit type (new, return), type of accomodation, patient disposition uppon discharge, name of referring institution, reasons for referral, ",Missing,,No,http://hl7.org/fhir/ValueSet/claim-exception,,,,,,,,,,,,,,,,,,
Claim,,Claim.supportingInfo.timingDate,0,1,date,The date to which this information refers.,,,,,,,,,,,,,,,,,,,,,,
Claim,,Claim.supportingInfo.timingPeriod,0,1,period 1,The period to which this information refers.,,,,,,,,,,,,,,,,,,,,,,
Claim,,Claim.supportingInfo.valueBoolean,0,1,boolean,"Additional data or information such as resources, documents, images etc. including references to the data or the actual inclusion of the data.",,,,,,,,,,,,,,,,,,,,,,
Claim,,Claim.supportingInfo.valueString,0,1,string,"Additional data or information such as resources, documents, images etc. including references to the data or the actual inclusion of the data.",,,,,,,,,,,,,,,,,,,,,,
Claim,,Claim.supportingInfo.valueQuantity,0,1,Quantity,"Additional data or information such as resources, documents, images etc. including references to the data or the actual inclusion of the data.",,,,,,,,,,,,,,,,,,,,,,
Claim,,Claim.supportingInfo.valueAttachment,0,1,Attachment,"Additional data or information such as resources, documents, images etc. including references to the data or the actual inclusion of the data.",,,,,,,,,,,,,,,,,,,,,,
Claim,,Claim.supportingInfo.valueReference,0,1,Reference (any),"A reference, either FHIR resource referecen or the busuness identifier of an information object, for example a document in an external repository.",,,,,,,,,,,,,,,,,,,,,,
Claim,,Claim.supportingInfo.etension.valueCodeableConcept,0,*,Extension(CodeableConcept),Used to document supported info that are coded,,,,GAP,,,,,,,,,,,,,,,,,,
Claim,,Claim.supportingInfo.reason,0,1,CodeableConcept,Provides the reason in the situation where a reason code is required in addition to the content.,Missing,,No,,,,,,,,,,,,,,,,,,,
Claim,,Claim.diagnosis,1,*,BackboneElement,Information about diagnoses relevant to the claim items.,,,,,,,,,,,,,,,,,,,,,,
Claim,,Claim.diagnosis.sequence,1,1,positiveInt,A number to uniquely identify diagnosis entries.,,,,,,,,,,,,,,,,,,,,,,
Claim,,Claim.diagnosis.diagnosisCodeableConcept,1,1,CodeableConcept,The diagnosis code.,Missing,,No,https://ilm-hie.dha.go.ke/ocl/orgs/WHO/ValueSet/icd-11/$expand,,,,,,,,,,,,,,,,,,
Claim,,Claim.diagnosis.type,0,1,CodeableConcept,When the condition was observed or the relative ranking.,Missing,,No,http://hl7.org/fhir/ValueSet/ex-diagnosistype,,,,,,,,,,,,,,,,,,
Claim,,Claim.diagnosis.onAdmission,0,1,CodeableConcept,Indication of whether the diagnosis was present on admission to a facility.,Missing,,No,http://hl7.org/fhir/ValueSet/ex-diagnosis-on-admission,,,,,,,,,,,,,,,,,,
Claim,,Claim.insurance,1,*,BackboneElement,Financial instruments for reimbursement for the health care products and services specified on the claim.,,,,,,,,,,,,,,,,,,,,,,
Claim,,Claim.insurance.sequence,1,1,positiveInt,A number to uniquely identify insurance entries and provide a sequence of coverages to convey coordination of benefit order.,,,,,,,,,,,,,,,,,,,,,,
Claim,,Claim.insurance.focal,1,1,boolean,A flag to indicate that this Coverage is to be used for adjudication of this claim when set to true.,,,,,,,,,,,,,,,,,,,,,,
Claim,,Claim.insurance.coverage,1,1,Reference (itm Coverage) profile,Reference to the insurance card level information contained in the Coverage resource. The coverage issuing insurer will use these details to locate the patient's actual coverage within the insurer's information system.,,,,,,,,,,,,,,,,,,,,,,
Claim,,Claim.insurance.preAuthRef,0,*,string,Reference numbers previously provided by the insurer to the provider to be quoted on subsequent claims containing services or products related to the prior authorization.,,,,,,,,,,,,,,,,,,,,,,
Claim,,Claim.insurance.claimResponse,0,1,Reference,The result of the adjudication of the line items for the Coverage specified in this insurance.,,,,,,,,,,,,,,,,,,,,,,
Claim,,Claim.accident,0,1,BackboneElement,Details of an accident which resulted in injuries which required the products and services listed in the claim.,,,,,,,,,,,,,,,,,,,,,,
Claim,,Claim.accident.date,1,1,date,Date of an accident event  related to the products and services contained in the claim.,,,,,,,,,,,,,,,,,,,,,,
Claim,,Claim.accident.type,1,1,CodeableConcept,The type or context of the accident event for the purposes of selection of potential insurance coverages and determination of coordination between insurers.,Missing,,No,http://terminology.hl7.org/ValueSet/v3-ActIncidentCode,,,,,,,,,,,,,,,,,,
Claim,,Claim.accident.locationAddress,0,1,Address,The physical location of the accident event.,,,,,,,,,,,,,,,,,,,,,,
Claim,,Claim.item,1,*,BackboneElement,A claim line. Either a simple  product or service or a 'group' of details which can each be a simple items or groups of sub-details.,,,,,,,,,,,,,,,,,,,,,,
Claim,,Claim.item.extension,0,*,Extension,Optional Extensions Element,,,,,,,,,,,,,,,,,,,,,,
Claim,,Claim.item.extension.package,0,1,boolean,A package billing code or bundle code used to group products and services to a particular health condition .,,,,,,,,,,,,,,,,,,,,,,
Claim,,Claim.item.extension.tax,0,1,Money,The amount of Tax (VAT) levied on the line item.,,,,,,,,,,,,,,,,,,,,,,
Claim,,Claim.item.extension.payerShare,0,1,Money,Refer to the expected payer share amount (to be paid),,,,,,,,,,,,,,,,,,,,,,
Claim,,Claim.item.extension.patientShare,1,1,Money,Refer to the patient share amount,,,,,,,,,,,,,,,,,,,,,,
Claim,,Claim.item.extension.patientInvoice,1,1,Identifier,The number of the patient invoice on which the service was billed,,,,,,,,,,,,,,,,,,,,,,
Claim,,Claim.item.sequence,1,1,positiveInt,A number to uniquely identify item entries.,,,,,,,,,,,,,,,,,,,,,,
Claim,,Claim.item.careTeamSequence,1,*,positiveInt,CareTeam members related to this service or product.,,,,,,,,,,,,,,,,,,,,,,
Claim,,Claim.item.diagnosisSequence,0,*,positiveInt,Diagnosis applicable for this service or product.,,,,,,,,,,,,,,,,,,,,,,
Claim,,Claim.item.informationSequence,0,*,positiveInt,"Exceptions, special conditions and supporting information applicable for this service or product.",,,,,,,,,,,,,,,,,,,,,,
Claim,,Claim.item.productOrService,1,1,CodeableConcept,"When the value is a group code then this item collects a set of related claim details, otherwise this contains the product, service, drug or other billing code for the item.",Available,,Yes,https://ilm-hie.dha.go.ke/ocl/orgs/MOH-KENYA/ValueSet/KenyaSocialHealthAuthorityInterventions/,,,,,,,,,,,,,,,,,,
Claim,,Claim.item.servicedDate,0,1,date,"The date or dates when the service or product was supplied, performed or completed.",,,,,,,,,,,,,,,,,,,,,,
Claim,,Claim.item.servicedPeriod,1,1,period 2,"The period when the service or product was supplied, performed or completed.",,,,,,,,,,,,,,,,,,,,,,
Claim,,Claim.item.quantity,1,1,Quantity,The number of repetitions of a service or product.,,,,,,,,,,,,,,,,,,,,,,
Claim,,Claim.item.unitPrice,1,1,Money,"If the item is not a group then this is the fee for the product or service, otherwise this is the total of the fees for the details of the group.",,,,,,,,,,,,,,,,,,,,,,
Claim,,Claim.item.factor,0,1,decimal,A real number that represents a multiplier used in determining the overall value of services delivered and/or goods received. The concept of a Factor allows for a discount or surcharge multiplier to be applied to a monetary amount.,,,,,,,,,,,,,,,,,,,,,,
Claim,,Claim.item.net,1,1,Money,The quantity times the unit price for a service or product or charge times the factor plus the Tax.,,,,,,,,,,,,,,,,,,,,,,
Claim,,Claim.item.udi,0,*,Reference Device(UDI) profile,Unique Device Identifiers associated with this line item.,,,,,,,,,,,,,,,,,,,,,,
Claim,,Claim.item.bodySite,0,1,CodeableConcept,"Physical service site on the patient (limb, tooth, etc.).",Available,,Yes,https://ilm-hie.dha.go.ke/ocl/orgs/MOH-KENYA/ValueSet/INSTITUTIONAL-BODY-SITE/,,,,,,,,,,,,,,,,,,
Claim,,Claim.item.subSite,0,1,CodeableConcept,"A region or surface of the bodySite, e.g. limb region or tooth surface(s).",Available,,Yes,https://ilm-hie.dha.go.ke/ocl/orgs/MOH-KENYA/ValueSet/SUBSITE/,,,,,,,,,,,,,,,,,,
Claim,,Claim.item.detail,0,*,BackboneElement,A claim detail line. Either a simple (a product or service) or a 'group' of sub-details which are simple items.,,,,,,,,,,,,,,,,,,,,,,
Claim,,Claim.item.detail.extension,0,*,Extension,Optional Extensions Element,,,,,,,,,,,,,,,,,,,,,,
Claim,,Claim.item.detail.extension.tax,0,1,Money,The amount of Tax (VAT) levied on the line item.,,,,,,,,,,,,,,,,,,,,,,
Claim,,Claim.item.detail.sequence,1,1,positiveInt,A number to uniquely identify item entries.,,,,,,,,,,,,,,,,,,,,,,
Claim,,Claim.item.detail.productOrService,1,1,CodeableConcept,"When the value is a group code then this item collects a set of related claim details, otherwise this contains the product, service, drug or other billing code for the item.",Available,,Yes,https://ilm-hie.dha.go.ke/ocl/orgs/MOH-KENYA/ValueSet/KenyaSocialHealthAuthorityInterventions/,,,,,,,,,,,,,,,,,,
Claim,,Claim.item.detail.quantity,1,1,Quantity,The number of repetitions of a service or product.,,,,,,,,,,,,,,,,,,,,,,
Claim,,Claim.item.detail.unitPrice,1,1,Money,"If the item is not a group then this is the fee for the product or service, otherwise this is the total of the fees for the details of the group.",,,,,,,,,,,,,,,,,,,,,,
Claim,,Claim.item.detail.net,1,1,Money,The quantity times the unit price for a service or product or charge times the factor plus the Tax.,,,,,,,,,,,,,,,,,,,,,,
Claim,,Claim.item.detail.udi,0,*,Reference,Unique Device Identifiers associated with this line item.,,,,,,,,,,,,,,,,,,,,,,
Claim,,Claim.item.detail.subDetail,0,*,BackboneElement,A claim detail line. Either a simple (a product or service) or a 'group' of sub-details which are simple items.,,,,,,,,,,,,,,,,,,,,,,
Claim,,Claim.item.detail.subDetail.extension,0,*,Extension,Optional Extensions Element,,,,,,,,,,,,,,,,,,,,,,
Claim,,Claim.item.detail.subDetail.extension.tax,0,1,Money,The amount of Tax (VAT) levied on the line item.,,,,,,,,,,,,,,,,,,,,,,
Claim,,Claim.item.detail.subDetail.sequence,1,1,positiveInt,A number to uniquely identify item entries.,,,,,,,,,,,,,,,,,,,,,,
Claim,,Claim.item.detail.subDetail.productOrService,1,1,CodeableConcept,"When the value is a group code then this item collects a set of related claim details, otherwise this contains the product, service, drug or other billing code for the item.",Available,,Yes,https://ilm-hie.dha.go.ke/ocl/orgs/MOH-KENYA/ValueSet/KenyaSocialHealthAuthorityInterventions/,,,,,,,,,,,,,,,,,,
Claim,,Claim.item.detail.subDetail.quantity,1,1,Quantity,The number of repetitions of a service or product.,,,,,,,,,,,,,,,,,,,,,,
Claim,,Claim.item.detail.subDetail.unitPrice,1,1,Money,"If the item is not a group then this is the fee for the product or service, otherwise this is the total of the fees for the details of the group.",,,,,,,,,,,,,,,,,,,,,,
Claim,,Claim.item.detail.subDetail.net,1,1,Money,The quantity times the unit price for a service or product or charge times the factor plus the Tax.,,,,,,,,,,,,,,,,,,,,,,
Claim,,Claim.item.detail.subDetail.udi,0,*,Reference Device(UDI) profile,Unique Device Identifiers associated with this line item.,,,,,,,,,,,,,,,,,,,,,,
Claim,,Claim.total,1,1,Money,The total value of the all the items in the claim.,,,,,,,,,,,,,,,,,,,,,,
Claim,,Claim.extension.clinicalIndications,0,1,Extension,Clinical indications extension,,,,,,,,,,,,,,,,,,,,,,
Claim,,Claim.extension.vitalSigns,0,1,Extension,Vital signs extension,,,,,,,,,,,,,,,,,,,,,,
Claim,,Claim.extension.anaesthesiaType,0,1,Extension,Anaesthesia type,,,,,,,,,,,,,,,,,,,,,,
Claim,,Claim.extension.chiefComplaint,0,1,Extension,Primary patient complaint,,,,,,,,,,,,,,,,,,,,,,
Claim,,Claim.extension.hasCoinsurance,0,1,boolean,Patient has coinsurance flag,,,,,,,,,,,,,,,,,,,,,,
Claim,,Claim.extension.frameAmount,0,1,Extension,Frame amount (vision),,,,,,,,,,,,,,,,,,,,,,
Claim,,Claim.extension.lensPrescription,0,1,Extension,Lens prescription details,,,,,,,,,,,,,,,,,,,,,,
Claim,,Claim.extension.lensAmount,0,1,Extension,Lens amount,,,,,,,,,,,,,,,,,,,,,,
Claim,,Claim.extension.metastases,0,1,Extension,Metastases details,,,,,,,,,,,,,,,,,,,,,,
Claim,,Claim.extension.treatmentSetting,0,1,Extension,Treatment setting,,,,,,,,,,,,,,,,,,,,,,
Claim,,Claim.extension.replacement,0,1,Extension,Replacement indicator,,,,,,,,,,,,,,,,,,,,,,
Claim,,Claim.extension.lastReplacementDate,0,1,Extension,Last replacement date,,,,,,,,,,,,,,,,,,,,,,
Claim,,Claim.extension.carcinomaStaging,0,1,Extension,Cancer staging,,,,,,,,,,,,,,,,,,,,,,
Claim,,Claim.extension.eyeExaminationAmount,0,1,Extension,Eye examination amount,,,,,,,,,,,,,,,,,,,,,,
Claim,,Claim.extension.reasonForService,0,1,Extension,Reason for service,,,,,,,,,,,,,,,,,,,,,,
Claim,,Claim.extension.consultationAmount,0,1,Extension,Consultation amount,,,,,,,,,,,,,,,,,,,,,,
Claim,,Claim.extension.preauthToken,0,1,Extension,Preauthorization token,,,,,,,,,,,,,,,,,,,,,,
Claim,,Claim.fundsReserve,0,1,CodeableConcept,Funds reserve indicator,Missing,,No,http://hl7.org/fhir/ValueSet/fundsreserve,,,,,,,,,,,,,,,,,,
Claim,,Claim.billablePeriod,1,1,Period,Billable period,,,,,,,,,,,,,,,,,,,,,,
Claim,,Claim.related,0,*,BackboneElement,Related claims,,,,,,,,,,,,,,,,,,,,,,
Claim,,Claim.related.relationship,1,1,CodeableConcept,Relationship to related claim,Available,,Yes,https://ilm-hie.dha.go.ke/ocl/orgs/MOH-KENYA/ValueSet/RELATED-CLAIM-RELATIONSHIP/,,,,,,,,,,,,,,,,,,
Claim,,Claim.implicitRules,0,1,uri,A set of Rules under which this content was created ,,,,,,,,,,,,,,,,,,,,,,
Claim,,Claim.patient ,1,1,Reference(patient),The recepient of the products and services ,,,,,,,,,,,,,,,,,,,,,,
Claim,,Claim.created,1,1,dateTime,Resource Creation date ,,,,,,,,,,,,,,,,,,,,,,
Claim,,Claim.insurer,0,1,Reference(Organization),Target,,,,,,,,,,,,,,,,,,,,,,
Claim,,Claim.provider,1,1,Reference(Practitioner | PractitionerRole | Organization),Party responsible for the claim,,,,,,,,,,,,,,,,,,,,,,
Claim,,Claim.diagnosis,1,*,BackboneElement,Pertinent diagnosis information,,,,,,,,,,,,,,,,,,,,,,
Claim,,Claim.diagnosis.sequence,1,1,positiveInt,Diagnosis instance identifier,,,,,,,,,,,,,,,,,,,,,,
Claim,,Claim.slicesForDiagnosis[x],1,1,CodeableConcept,Nature of illness or problem,Missing,,No,http://hl7.org/fhir/ValueSet/icd-10,,,,,,,,,,,,,,,,,,
Claim,,Claim.slicesForDiagnosis[x].diagnosis[x]:diagnosisCodeableConcept,1,1,CodeableConcept,Nature of illness or problem,Missing,,No,http://hl7.org/fhir/ValueSet/icd-10,,,,,,,,,,,,,,,,,,
Claim,,Claim.insurance,1,1,BackboneElement,Patient insurance information,,,,,,,,,,,,,,,,,,,,,,
Claim,,Claim.insurance.sequence,1,1,positiveInt,Insurance instance identifier,,,,,,,,,,,,,,,,,,,,,,
Claim,,Claim.insurance.focal,1,1,boolean,Coverage to be used for adjudication,,,,,,,,,,,,,,,,,,,,,,
Claim,,Claim.item.sequence,1,1,positiveInt,Item instance identifier,,,,,,,,,,,,,,,,,,,,,,
Claim,,Claim.item.category,0,1,CodeableConcept,Benefit classification,Missing,,No,http://hl7.org/fhir/ValueSet/ex-benefitcategory,,,,,,,,,,,,,,,,,,
Claim,,Claim.item.quantity,0,1,SimpleQuantity(4.0.1),Count of products or services,,,,,,,,,,,,,,,,,,,,,,
Claim,,Claim.item.unitPrice,0,1,Money,"Fee, charge or cost per item",,,,,,,,,,,,,,,,,,,,,,
Claim,,Claim.item.unitPrice.currency,0,1,code,ISO 4217 Currency Code,Missing,,No,http://hl7.org/fhir/ValueSet/currencies,,,,,,,,,,,,,,,,,,
Claim,,Claim.item.net,0,1,Money,Total item cost,,,,,,,,,,,,,,,,,,,,,,
Claim,,Claim.item.net.curency,0,1,code,ISO 4217 Currency Code,Missing,,No,http://hl7.org/fhir/ValueSet/currencies,,,,,,,,,,,,,,,,,,
Claim,,Claim.accident.locationAddress,0,1,Address,Accident location address,,,,,,,,,,,,,,,,,,,,,,
ClaimResponse,,ClaimResponse.item.noteNumber,0,*,positiveInt,The numbers associated with notes below which apply to the adjudication of this item.,,,,,,,,,,,,,,,,,,,,,,
ClaimResponse,,ClaimResponse.item.adjudication,1,*,BackboneElement,If this item is a group then the values here are a summary of the adjudication of the detail items. If this item is a simple product or service then this is the result of the adjudication of this item.,,,,,,,,,,,,,,,,,,,,,,
ClaimResponse,,ClaimResponse.item.adjudication.category,1,1,CodeableConcept,"A code to indicate the information type of this adjudication record. Information types may include the value submitted, maximum values or percentages allowed or payable under the plan, amounts that: the patient is responsible for in aggregate or pertaining to this item; amounts paid by other coverages; and, the benefit payable for this item.",Missing,,No,http://hl7.org/fhir/ValueSet/adjudication,,,,,,,,,,,,,,,,,,
ClaimResponse,,ClaimResponse.item.adjudication.reason,0,1,CodeableConcept,A code supporting the understanding of the adjudication result and explaining variance from expected amount.,Missing,,No,http://hl7.org/fhir/ValueSet/adjudication-reason,,,,,,,,,,,,,,,,,,
ClaimResponse,,ClaimResponse.item.adjudication.amount,0,1,Money,Monetary amount associated with the category.,,,,,,,,,,,,,,,,,,,,,,
ClaimResponse,,ClaimResponse.item.adjudication.value,0,1,decimal,Non-monetary value,,,,,,,,,,,,,,,,,,,,,,
ClaimResponse,,ClaimResponse.item.detail,0,*,BackboneElement,A claim detail. Either a simple (a product or service) or a 'group' of sub-details which are simple items.,,,,,,,,,,,,,,,,,,,,,,
ClaimResponse,,ClaimResponse.item.detail.detailSequence,1,1,positiveInt,A number to uniquely reference the claim detail entry.,,,,,,,,,,,,,,,,,,,,,,
ClaimResponse,,ClaimResponse.item.detail.noteNumber,0,*,positiveInt,The numbers associated with notes below which apply to the adjudication of this item.,,,,,,,,,,,,,,,,,,,,,,
ClaimResponse,,ClaimResponse.item.detail.adjudication,1,*,BackboneElement,The adjudication results.,,,,,,,,,,,,,,,,,,,,,,
ClaimResponse,,ClaimResponse.item.detail.adjudication.category,1,1,CodeableConcept,"A code to indicate the information type of this adjudication record. Information types may include the value submitted, maximum values or percentages allowed or payable under the plan, amounts that: the patient is responsible for in aggregate or pertaining to this item; amounts paid by other coverages; and, the benefit payable for this item.",Missing,,No,http://hl7.org/fhir/ValueSet/adjudication,,,,,,,,,,,,,,,,,,
ClaimResponse,,ClaimResponse.item.detail.adjudication.reason,0,1,CodeableConcept,A code supporting the understanding of the adjudication result and explaining variance from expected amount.,Missing,,No,http://hl7.org/fhir/ValueSet/adjudication-reason,,,,,,,,,,,,,,,,,,
ClaimResponse,,ClaimResponse.item.detail.adjudication.amount,0,1,Money,Monetary amount associated with the category.,,,,,,,,,,,,,,,,,,,,,,
ClaimResponse,,ClaimResponse.item.detail.adjudication.value,0,1,decimal,Non-monetary value,,,,,,,,,,,,,,,,,,,,,,
ClaimResponse,,ClaimResponse.item.detail.subDetail,0,*,BackboneElement,A sub-detail adjudication of a simple product or service.,,,,,,,,,,,,,,,,,,,,,,
ClaimResponse,,ClaimResponse.item.detail.subDetail.subDetailSequence,1,1,positiveInt,A number to uniquely reference the claim sub-detail entry.,,,,,,,,,,,,,,,,,,,,,,
ClaimResponse,,,0,*,positiveInt,The numbers associated with notes below which apply to the adjudication of this item.,,,,,,,,,,,,,,,,,,,,,,
ClaimResponse,,ClaimResponse.item.detail.subDetail.adjudication,1,*,BackboneElement,The adjudication results.,,,,,,,,,,,,,,,,,,,,,,
ClaimResponse,,ClaimResponse.item.detail.subDetail.adjudication.category,1,1,CodeableConcept,"A code to indicate the information type of this adjudication record. Information types may include the value submitted, maximum values or percentages allowed or payable under the plan, amounts that: the patient is responsible for in aggregate or pertaining to this item; amounts paid by other coverages; and, the benefit payable for this item.",Missing,,No,http://hl7.org/fhir/ValueSet/adjudication,,,,,,,,,,,,,,,,,,
ClaimResponse,,ClaimResponse.item.detail.subDetail.adjudication.reason,0,1,CodeableConcept,A code supporting the understanding of the adjudication result and explaining variance from expected amount.,Missing,,No,http://hl7.org/fhir/ValueSet/adjudication-reason,,,,,,,,,,,,,,,,,,
ClaimResponse,,Claim.Response.implicitRules,0,1,uri,A set of rules under which this content was created,,,,,,,,,,,,,,,,,,,,,,
ClaimResponse,,ClaimResponse.item.detail.subDetail.adjudication.amount,0,1,Money,Monetary amount associated with the category.,,,,,,,,,,,,,,,,,,,,,,
ClaimResponse,,ClaimResponse.item.detail.subDetail.adjudication.value,0,1,decimal,Non-monetary value,,,,,,,,,,,,,,,,,,,,,,
ClaimResponse,,ClaimResponse.total,0,*,BackboneElement,Categorized monetary totals for the adjudication.,,,,,,,,,,,,,,,,,,,,,,
ClaimResponse,,ClaimResponse.total.category,1,1,CodeableConcept,"A code to indicate the information type of this adjudication record. Information types may include: the value submitted, maximum values or percentages allowed or payable under the plan, amounts that the patient is responsible for in aggregate or pertaining to this item, amounts paid by other coverages, and the benefit payable for this item.",Missing,,No,http://hl7.org/fhir/ValueSet/adjudication,,,,,,,,,,,,,,,,,,
ClaimResponse,,ClaimResponse.total.amount,1,1,Money,Monetary total amount associated with the category.,,,,,,,,,,,,,,,,,,,,,,
ClaimResponse,,ClaimResponse.processNote,0,*,BackboneElement,A note that describes or explains adjudication results in a human readable form.,,,,,,,,,,,,,,,,,,,,,,
ClaimResponse,,ClaimResponse.processNote.number,1,1,positiveInt,A number to uniquely identify a note entry.,,,,,,,,,,,,,,,,,,,,,,
ClaimResponse,,ClaimResponse.processNote.type,1,1,code,The business purpose of the note text.,Missing,,No,http://hl7.org/fhir/ValueSet/note-type,,,,,,,,,,,,,,,,,,
ClaimResponse,,ClaimResponse.processNote.text,1,1,string,The explanation or description associated with the processing.,,,,,,,,,,,,,,,,,,,,,,
ClaimResponse,,ClaimResponse.processNote.language,0,1,CodeableConcept,A code to define the language used in the text of the note.,Missing,,No,http://hl7.org/fhir/ValueSet/languages,,,,,,,,,,,,,,,,,,
ClaimResponse,,ClaimResponse.communicationRequest,0,1,Reference( itm CommunicationRequest) profile,Request for additional supporting or authorizing information.,,,,,,,,,,,,,,,,,,,,,,
ClaimResponse,,,0,*,BackboneElement,Financial instruments for reimbursement for the health care products and services specified on the claim.,,,,,,,,,,,,,,,,,,,,,,
ClaimResponse,,ClaimResponse.insurance.sequence,1,1,positiveInt,A number to uniquely identify insurance entries and provide a sequence of coverages to convey coordination of benefit order.,,,,,,,,,,,,,,,,,,,,,,
ClaimResponse,,ClaimResponse.insurance.focal,1,1,boolean,A flag to indicate that this Coverage is to be used for adjudication of this claim when set to true.,,,,,,,,,,,,,,,,,,,,,,
ClaimResponse,,,1,1,Reference(itm Coverage),Reference to the insurance card level information contained in the Coverage resource. The coverage issuing insurer will use these details to locate the patient's actual coverage within the insurer's information system.,,,,,,,,,,,,,,,,,,,,,,
ClaimResponse,,ClaimResponse.insurance.claimResponse,0,1,Reference itm ClaimResponse,The result of the adjudication of the line items for the Coverage specified. This is used when an insurer is able to not just adjudicate the claim they were sent but also able to detect that they are the processor for the sebsequent claims and can adjudicate them too.,,,,,,,,,,,,,,,,,,,,,,
ClaimResponse,,ClaimResponse.error,0,*,BackboneElement,Errors encountered during the processing of the adjudication.,,,,,,,,,,,,,,,,,,,,,,
ClaimResponse,,ClaimResponse.error.extension,0,*,Extension,Optional Extensions Element,,,,,,,,,,,,,,,,,,,,,,
ClaimResponse,,ClaimResponse.error.extension.expression,0,1,string,"An error code,from a specified code system, which details why the Claim check could not be performed",,,,,,,,,,,,,,,,,,,,,,
ClaimResponse,,ClaimResponse.error.itemSequence,0,1,positiveInt,The sequence number of the line item submitted which contains the error. This value is omitted when the error occurs outside of the item structure.,,,,,,,,,,,,,,,,,,,,,,
ClaimResponse,,ClaimResponse.error.detailSequence,0,1,positiveInt,The sequence number of the detail within the line item submitted which contains the error. This value is omitted when the error occurs outside of the item structure.,,,,,,,,,,,,,,,,,,,,,,
ClaimResponse,,ClaimResponse.error.subDetailSequence,0,1,positiveInt,The sequence number of the sub-detail within the detail within the line item submitted which contains the error. This value is omitted when the error occurs outside of the item structure.,,,,,,,,,,,,,,,,,,,,,,
ClaimResponse,,ClaimResponse.error.code,1,1,CodeableConcept,"An error code, from a specified code system, which details why the claim could not be adjudicated.",Missing,,No,http://hl7.org/fhir/ValueSet/adjudication-error,,,,,,,,,,,,,,,,,,
ClaimResponse,,ClaimResponse.extension.claim-expiry,0,1,Extension,Claim or auth expiry date,,,,,,,,,,,,,,,,,,,,,,
ClaimResponse,,ClaimResponse.outcome,0,1,code,Overall adjudication outcome,Missing,,No,http://hl7.org/fhir/ValueSet/remittance-outcome,,,,,,,,,,,,,,,,,,
ClaimResponse,,ClaimResponse.requestor,0,1,Reference(Organization),Requesting provider,,,,,,,,,,,,,,,,,,,,,,
ClaimResponse,,ClaimResponse.payeeType,0,1,CodeableConcept,Payee type,Missing,,No,http://hl7.org/fhir/ValueSet/payeetype,,,,,,,,,,,,,,,,,,
ClaimResponse,,ClaimResponse.communicationRequest,0,1,Reference(CommunicationRequest),Request for additional information,,,,,,,,,,,,,,,,,,,,,,
ClaimResponse,,ClaimResponse.processNote.language,0,1,CodeableConcept,Language of process note,Missing,,No,http://hl7.org/fhir/ValueSet/languages,,,,,,,,,,,,,,,,,,
ClaimResponse,,ClaimResponse.status,,,code,"active | cancelled | draft | entered-in-error
Binding: FinancialResourceStatusCodes (required): A code specifying the state of the resource instance.",Missing,,No,http://hl7.org/fhir/ValueSet/fm-status,,,,,,,,,,,,,,,,,,
ClaimResponse,,ClaimResponse.type,1,1,CodeableConcept,"More granular claim type
Binding: ClaimTypeCodes (extensible): The type or discipline-style of the claim.",Missing,,No,http://hl7.org/fhir/ValueSet/claim-type,,,,,,,,,,,,,,,,,,
ClaimResponse,,ClaimResponse.use,1,1,code,"claim | preauthorization | predetermination
Binding: Use (required): Claim, preauthorization, predetermination.",Missing,,No,http://hl7.org/fhir/ValueSet/claim-use,,,,,,,,,,,,,,,,,,
ClaimResponse,,ClaimResponse.Reference.patient,1,1,Reference(Patient Profile),The recipient of the products and services,,,,,,,,,,,,,,,,,,,,,,
ClaimResponse,,ClaimResponse.created,1,1,dateTime,Response creation date,,,,,,,,,,,,,,,,,,,,,,
ClaimResponse,,ClaimResponse.Reference.insurer,1,1,Reference(OrganizationProfile),Party responsible for reimbursement,,,,,,,,,,,,,,,,,,,,,,
ClaimResponse,,ClaimResponse.Reference.request,0,1,Reference(Claim),Id of resource triggering adjudication,,,,,,,,,,,,,,,,,,,,,,
ClaimResponse,,ClaimResponse.item.itemSequence,1,1,positiveInt,Claim item instance identifier,,,,,,,,,,,,,,,,,,,,,,
ClaimResponse,,ClaimResponse.item.adjucation.amount,1,1,Money,Monetary amount,,,,,,,,,,,,,,,,,,,,,,
MedicationRequest,,MedicationRequest.implicitRules,0,1,uri,A set of rules under which this content was created,,,,,,,,,,,,,,,,,,,,,,
MedicationRequest,,MedicationRequest.status,1,1,code,"active | on-hold | cancelled | completed | entered-in-error | stopped | draft | unknown
Binding: medicationrequest Status (required): A coded concept specifying the state of the prescribing event",Missing,,No,http://hl7.org/fhir/ValueSet/medicationrequest-status,,,,,,,,,,,,,,,,,,
MedicationRequest,,MedicationRequest.intent,1,1,code,"proposal | plan | order | original-order | reflex-order | filler-order | instance-order | option
Binding: medicationRequest Intent (required): The kind of medication order.",Missing,,No,http://hl7.org/fhir/ValueSet/medicationrequest-intent,,,,,,,,,,,,,,,,,,
MedicationRequest,,MedicationRequest.category,1,1,codeableConcept,"Type of medication usage
Binding: medicationRequest Category Codes (example): A coded concept identifying the category of medication request. For example, where the medication is to be consumed or administered, or the type of medication treatment.",Missing,,No,http://hl7.org/fhir/ValueSet/medicationrequest-category,,,,,,,,,,,,,,,,,,
MedicationRequest,,MedicationRequest.priority,0,1,code,"routine | urgent | asap | stat
Binding: RequestPriority (required): Identifies the level of importance to be assigned to actioning the request.",Missing,,No,http://hl7.org/fhir/ValueSet/request-priority,,,,,,,,,,,,,,,,,,
MedicationRequest,,MedicationRequest.doNotPerform,0,1,boolean,True if request is prohibiting action,,,,,,,,,,,,,,,,,,,,,,
MedicationRequest,,MedicationRequest. Slices for medication[x],1,1,,"Medication to be taken
Slice: Unordered, Open by type:$this
Binding: Generic Medicinal Products (required)",,,,,,,,,,,,,,,,,,,,,,
MedicationRequest,,MedicationRequest. Slices for medication[x].medicationCodeableConcept,,,CodeableConcept,,Missing,,No,,,,,,,,,,,,,,,,,,,
MedicationRequest,,MedicationRequest. Slices for medication[x].medicationReference,,,Reference(Medication,,,,,,,,,,,,,,,,,,,,,,,
MedicationRequest,,MedicationRequest. Slices for medication[x].medication[x]:medicationCodeableConcept        ,0,1,CodeableConcept,"Medication to be taken
Binding: SNOMEDCTMedicationCodes (example): A coded concept identifying substance or product that can be ordered.",Missing,,No,,,,,,,,,,,,,,,,,,,
MedicationRequest,,MedicationRequest. Slices for medication[x].medication[x]:medicationCodeableConcept.coding    ,0,*,Coding,Code defined by a terminology system,Missing,,No,,,,,,,,,,,,,,,,,,,
MedicationRequest,,MedicationRequest. Slices for medication[x].medication[x]:medicationCodeableConcept.coding.system,1,1,uri,"Identity of the terminology system
Fixed Value: https://hapi.slade360edi.com/fhir/CodeSystem/product-catalogue",,,,,,,,,,,,,,,,,,,,,,
MedicationRequest,,MedicationRequest. Slices for medication[x].medication[x]:medicationCodeableConcept.coding.code,1,1,code,"Symbol in syntax defined by the system
Binding: Generic Medicinal Products (required)",Missing,,No,http://hl7.org/fhir/ValueSet/medication-codes,,,,,,,,,,,,,,,,,,
MedicationRequest,,MedicationRequest. Slices for medication[x].medication[x]:medicationCodeableConcept.coding.display,0,1,string,Representation defined by the system,,,,,,,,,,,,,,,,,,,,,,
MedicationRequest,,MedicationRequest.subject.reference,1,1,string,"Literal reference, Relative, internal or absolute URL",,,,,,,,,,,,,,,,,,,,,,
MedicationRequest,,MedicationRequest.subject.display,1,1,string,Text alternative for the resource,,,,,,,,,,,,,,,,,,,,,,
MedicationRequest,,MedicationRequest.encounter,0,1,Reference(Encounter),Encounter created as part of encounter/admission/stay,,,,,,,,,,,,,,,,,,,,,,
MedicationRequest,,MedicationRequest.supportingInformation,0,*,Reference(Resource),Information to support ordering of the medication,,,,,,,,,,,,,,,,,,,,,,
MedicationRequest,,MedicationRequest.authoredOn,1,1,dateTime,When request was initially authored,,,,,,,,,,,,,,,,,,,,,,
MedicationRequest,,MedicationRequest.requester,1,1,Reference,Who/What requested the Request,,,,,,,,,,,,,,,,,,,,,,
MedicationRequest,,MedicationRequest.requester.reference,1,1,string,"Literal reference, Relative, internal or absolute URL",,,,,,,,,,,,,,,,,,,,,,
ClaimResponse,,ClaimResponse.insurance,0,*,BackboneElement,Insurance adjudication block,,,,,,,,,,,,,,,,,,,,,,
ClaimResponse,,ClaimResponse.error.extension.expression,0,1,string,Error expression code,,,,,,,,,,,,,,,,,,,,,,
MedicationRequest,,MedicationRequest.requester.display,1,1,,Text alternative for the resource,,,,,,,,,,,,,,,,,,,,,,
MedicationRequest,,MedicationRequest.recorder,0,1,string,Person who entered the request,,,,,,,,,,,,,,,,,,,,,,
MedicationRequest,,MedicationRequest.reasonCode,1,*,CodeableConcept,"Reason or indication for ordering or not ordering the medication
Binding: Condition/Problem/DiagnosisCodes (example): A coded concept indicating why the medication was ordered.",Missing,,No,http://hl7.org/fhir/ValueSet/condition-code,,,,,,,,,,,,,,,,,,
MedicationRequest,,MedicationRequest.reasonCode.coding,0,*,Coding,Code defined by a terminology system,Missing,,No,,,,,,,,,,,,,,,,,,,
MedicationRequest,,MedicationRequest.reasonCode.coding.system,1,1,uri,"Identity of the terminology system
Fixed Value: https://hapi.slade360edi.com/fhir/CodeSystem/product-catalogue",,,,,,,,,,,,,,,,,,,,,,
MedicationRequest,,MedicationRequest.reasonCode.coding.display,1,1,string,Representation defined by the system,,,,,,,,,,,,,,,,,,,,,,
MedicationRequest,,MedicationRequest.reasonCode.coding.code,1,1,code,"Symbol in syntax defined by the system
Binding: Generic Medicinal Products (required)",Missing,,No,,,,,,,,,,,,,,,,,,,
MedicationRequest,,MedicationRequest.reasonReference,0,*,Reference(Condition | Observation),Condition or observation that supports why the prescription is being written,,,,,,,,,,,,,,,,,,,,,,
MedicationRequest,,MedicationRequest.note,0,*,Annotation,Information about the prescription,,,,,,,,,,,,,,,,,,,,,,
MedicationRequest,,MedicationRequest.dosageInstruction,1,*,Dosage,How the medication should be taken,,,,,,,,,,,,,,,,,,,,,,
MedicationRequest,,MedicationRequest.dosageInstruction.text,1,1,string,Free text dosage instructions e.g. SIG,,,,,,,,,,,,,,,,,,,,,,
MedicationRequest,,MedicationRequest.dosageInstruction.timing,0,1,Timing,When medication should be administered,,,,,,,,,,,,,,,,,,,,,,
MedicationRequest,,MedicationRequest.dosageInstruction. Slices for asNeeded[x]. asNeededBoolean,,,boolean,"Take ""as needed"" (for x)
Slice: Unordered, Open by type:$this
Binding: SNOMEDCTMedicationAsNeededReasonCodes (example): A coded concept identifying the precondition that should be met or evaluated prior to consuming or administering a medication dose. For example ""pain"", ""30 minutes prior to sexual intercourse"", ""on flare-up"" etc.",,,,,,,,,,,,,,,,,,,,,,
MedicationRequest,,MedicationRequest.dosageInstruction. Slices for asNeeded[x]. asNeededCodeableConcept,,,CodeableConcept,,Missing,,No,,,,,,,,,,,,,,,,,,,
MedicationRequest,,MedicationRequest.dosageInstruction. Slices for asNeeded[x]. asNeeded[x]:asNeededBoolean,0,1,boolean,,,,,,,,,,,,,,,,,,,,,,,
MedicationRequest,,MedicationRequest.route,0,1,CodeableConcept,How drug should enter body,Missing,,No,,,,,,,,,,,,,,,,,,,
MedicationRequest,,MedicationRequest.route.coding,0,*,Coding,Code defined by a terminology system,Missing,,No,,,,,,,,,,,,,,,,,,,
MedicationRequest,,MedicationRequest.route.coding.system,1,1,uri,Identity of the terminology system,,,,,,,,,,,,,,,,,,,,,,
MedicationRequest,,MedicationRequest.route.coding.code,0,1,code,Symbol in syntax defined by the system,Missing,,No,https://example.com/fhir/ValueSet/route-of-administration,,,,,,,,,,,,,,,,,,
MedicationRequest,,MedicationRequest.route.coding.display,0,1,string,Representation defined by the system,,,,,,,,,,,,,,,,,,,,,,
MedicationRequest,,MedicationRequest.doseAndRate.doseRange,,,Range,,,,,,,,,,,,,,,,,,,,,,,
MedicationRequest,,MedicationRequest.doseAndRate.doseQuantity,,,Quantity,Amount of medication per dose,,,,,,,,,,,,,,,,,,,,,,
MedicationRequest,,MedicationRequest.doseAndRate.dose[x]:doseQuantity.value,0,1,decimal,Numerical value (with implicit precision),,,,,,,,,,,,,,,,,,,,,,
MedicationRequest,,MedicationRequest.doseAndRate.dose[x]:doseQuantity.unit,1,1,string,Unit representation,,,,,,,,,,,,,,,,,,,,,,
MedicationRequest,,MedicationRequest.doseAndRate.dose[x]:doseQuantity.system,1,1,uri,System that defines coded unit form,,,,,,,,,,,,,,,,,,,,,,
MedicationRequest,,MedicationRequest.doseAndRate.dose[x]:doseQuantity.code,0,1,code,Coded form of the unit,Missing,,No,,,,,,,,,,,,,,,,,,,
MedicationRequest,,MedicationRequest.doseAndRate.dose[x]:doseRange.low.value,0,1,decimal,Numerical value (with implicit precision),,,,,,,,,,,,,,,,,,,,,,
MedicationRequest,,MedicationRequest.doseAndRate.dose[x]:doseRange.low.unit,0,1,string,Unit representation,,,,,,,,,,,,,,,,,,,,,,
MedicationRequest,,MedicationRequest.doseAndRate.dose[x]:doseRange.low.system,0,1,uri,"System that defines coded unit form
",,,,,,,,,,,,,,,,,,,,,,
MedicationRequest,,MedicationRequest.doseAndRate.dose[x]:doseRange.low.code,0,1,code,Coded form of the unit,Missing,,No,,,,,,,,,,,,,,,,,,,
MedicationRequest,,MedicationRequest.doseAndRate.dose[x]:doseRange.high.value,0,1,decimal,Numerical value (with implicit precision),,,,,,,,,,,,,,,,,,,,,,
MedicationRequest,,MedicationRequest.doseAndRate.dose[x]:doseRange.high.unit,0,1,string,Unit representation,,,,,,,,,,,,,,,,,,,,,,
MedicationRequest,,MedicationRequest.doseAndRate.dose[x]:doseRange.high.system,0,1,uri,System that defines coded unit form,,,,,,,,,,,,,,,,,,,,,,
MedicationRequest,,MedicationRequest.doseAndRate.dose[x]:doseRange.high.code,0,1,code,Coded form of the unit,Missing,,No,,,,,,,,,,,,,,,,,,,
MedicationRequest,,MedicationRequest.dispenseRequest.validityPeriod.start,1,1,dateTime,Starting time with inclusive boundary,,,,,,,,,,,,,,,,,,,,,,
MedicationRequest,,MedicationRequest.dispenseRequest.validityPeriod.end,1,1,dateTime,"End time with inclusive boundary, if not ongoing",,,,,,,,,,,,,,,,,,,,,,
MedicationRequest,,MedicationRequest.dispenseRequest.numberOfRepeatsAllowed,1,1,unsignedInt,Number of refills authorized,,,,,,,,,,,,,,,,,,,,,,
MedicationRequest,,MedicationRequest.dispenseRequest.quantity.value,1,1,decimal,Numerical value (with implicit precision),,,,,,,,,,,,,,,,,,,,,,
MedicationRequest,,MedicationRequest.dispenseRequest.quantity.unit,1,1,string,Unit representation,,,,,,,,,,,,,,,,,,,,,,
MedicationRequest,,MedicationRequest.dispenseRequest.quantity.system,1,1,uri,System that defines coded unit form,,,,,,,,,,,,,,,,,,,,,,
MedicationRequest,,MedicationRequest.dispenseRequest.quantity.code,0,1,code,Coded form of the unit,Missing,,No,,,,,,,,,,,,,,,,,,,
MedicationRequest,,MedicationRequest.dispenseRequest.expectedSupplyDuration,0,1,Duration,Number of days supply per dispense,,,,,,,,,,,,,,,,,,,,,,
MedicationRequest,,MedicationRequest.substitution,0,1,BackboneElement,Any restrictions on medication substitution,,,,,,,,,,,,,,,,,,,,,,
MedicationRequest,,MedicationRequest.substitution.Slices for allowed[x].allowedBoolean,,,boolean,,,,,,,,,,,,,,,,,,,,,,,
MedicationRequest,,MedicationRequest.substitution.Slices for allowed[x].allowedCodeableConcept,0,1,CodeableConcept,,Missing,,No,,,,,,,,,,,,,,,,,,,
MedicationRequest,,MedicationRequest.substitution.Slices for allowed[x]. allowed[x]:allowedBoolean,0,1,boolean,Whether substitution is allowed or not',,,,,,,,,,,,,,,,,,,,,,
MedicationRequest,,MedicationRequest.substitution.reason,0,1,CodeableConcept,"Why should (not) substitution be made
Binding: SubstanceAdminSubstitutionReason (example): A coded concept describing the reason that a different medication should (or should not) be substituted from what was prescribed.",Missing,,No,http://terminology.hl7.org/ValueSet/v3-SubstanceAdminSubstitutionReason,,,,,,,,,,,,,,,,,,
MedicationRequest,,MedicationRequest.priorPrescription,0,1,Reference(Medication,An order/prescription that is being replaced,,,,,,,,,,,,,,,,,,,,,,
MedicationRequest,,MedicationRequest.detectedIssue,0,*,Reference(DetectedIssue),Clinical Issue with action,,,,,,,,,,,,,,,,,,,,,,
MedicationRequest,,MedicationRequest.eventHistory,0,*,Reference(Provenance),A list of events of interest in the lifecycle,,,,,,,,,,,,,,,,,,,,,,
ConditionDiagnosis,,Condition.implicitRules,0,1,uri ,A set of Rules under which this content was created ,,,,,,,,,,,,,,,,,,,,,,
ConditionDiagnosis,,Condition.identifier,1,1,identifier,External ids for this condition ,,,,,,,,,,,,,,,,,,,,,,
ConditionDiagnosis,,Condition.ClinicalStatus,1,1,CodeableConcept,active | recurrence | relapse | inactive | remission | resolved,Available & Incomplete,,Yes,https://ilm-hie.dha.go.ke/ocl/orgs/MOH-KENYA/ValueSet/CONDITION-CLINICAL-STATUS/,,,,,,,,,,,,,,,,,,
ConditionDiagnosis,,Condition.ClinicalStatus.id,0,0,string,Unique id for inter-element referencing,,,,,,,,,,,,,,,,,,,,,,
ConditionDiagnosis,,Condition.ClinicalStatus.extension,0,0,Extension,Additional content defined by implementations,,,,,,,,,,,,,,,,,,,,,,
ConditionDiagnosis,,Condition.ClinicalStatus.coding,1,1,Coding,Code defined by a terminology system,Missing,,No,https://hl7.org/fhir/R4/datatypes.html#Coding,,,,,,,,,,,,,,,,,,
ConditionDiagnosis,,Condition.ClinicalStatus.coding.id,0,0,string,Unique id for inter-element referencing,,,,,,,,,,,,,,,,,,,,,,
ConditionDiagnosis,,Condition.ClinicalStatus.coding.extension,0,0,Extension,Additional content defined by implementations,,,,,,,,,,,,,,,,,,,,,,
ConditionDiagnosis,,Condition.ClinicalStatus.coding.system,1,1,uri,Identity of the terminology system,,,,,,,,,,,,,,,,,,,,,,
ConditionDiagnosis,,Condition.ClinicalStatus.coding.version,0,0,string,Version of the system - if relevant,,,,,,,,,,,,,,,,,,,,,,
ConditionDiagnosis,,Condition.ClinicalStatus.coding.code,1,1,code,Symbol in syntax defined by the system,Missing,,No,https://build.fhir.org/datatypes-definitions.html#Coding.code,,,,,,,,,,,,,,,,,,
ConditionDiagnosis,,Condition.ClinicalStatus.coding.display,0,0,string,Representation defined by the system,,,,,,,,,,,,,,,,,,,,,,
ConditionDiagnosis,,Condition.ClinicalStatus.coding.userSelected,0,0,boolean,If this coding was chosen directly by the user,,,,,,,,,,,,,,,,,,,,,,
ConditionDiagnosis,,Condition.ClinicalStatus.text,0,0,string,Plain text representation of the concept,,,,,,,,,,,,,,,,,,,,,,
ConditionDiagnosis,,Condition.verificationStatus,1,1,CodeableConcept,unconfirmed | provisional | differential | confirmed | refuted | entered-in-error,Available,,No,https://ilm-hie.dha.go.ke/ocl/orgs/MOH-KENYA/ValueSet/CONDITION-VERIFICATION-STATUS/,,,,,,,,,,,,,,,,,,
ConditionDiagnosis,,Condition.Category,1,1,CodeableConcept,problem-list-item | encounter-diagnosis,Available & Incomplete,,Yes,https://ilm-hie.dha.go.ke/ocl/orgs/MOH-KENYA/ValueSet/CONDITION-CATEGORY/,,,,,,,,,,,,,,,,,,
ConditionDiagnosis,,Condition.Category.id,0,0,string,Unique id for inter-element referencing,,,,,,,,,,,,,,,,,,,,,,
ConditionDiagnosis,,Condition.Category.extension,0,0,Extension,Additional content defined by implementations,,,,,,,,,,,,,,,,,,,,,,
ConditionDiagnosis,,Condition.Category.coding,1,1,coding,Code defined by a terminology system,Missing,,Yes,,,,,,,,,,,,,,,,,,,
ConditionDiagnosis,,Condition.Category.coding.id,0,0,string,Unique id for inter-element referencing,,,,,,,,,,,,,,,,,,,,,,
ConditionDiagnosis,,Condition.Category.coding.extension,0,0,Extension,Additional content defined by implementations,,,,,,,,,,,,,,,,,,,,,,
ConditionDiagnosis,,Condition.Category.coding.system,1,1,uri,Identity of the terminology system,,,,,,,,,,,,,,,,,,,,,,
ConditionDiagnosis,,Condition.Category.coding.display,0,0,string ,Representation defined by the system,,,,,,,,,,,,,,,,,,,,,,
ConditionDiagnosis,,Condition.Category.coding.version,0,0,string,Version of the system - if relevant,,,,,,,,,,,,,,,,,,,,,,
ConditionDiagnosis,,Condition.Category.coding.userSelected,0,0,boolean,If this coding was chosen directly by the user,,,,,,,,,,,,,,,,,,,,,,
ConditionDiagnosis,,Condition.Category.coding.code,1,1,code ,Symbol in syntax defined by the system,Missing,,Yes,,,,,,,,,,,,,,,,,,,
ConditionDiagnosis,,Condition.Category.text,0,0,string,Plain text representation of the concept,,,,,,,,,,,,,,,,,,,,,,
ConditionDiagnosis,,Condition.Severity,0,1,CodeableConcept,Subjective severity of condition,Missing,,No,http://hl7.org/fhir/ValueSet/condition-severity,,,,,,,,,,,,,,,,,,
ConditionDiagnosis,,Condition.code,1,1,CodeableConcept,"Identification of the condition, problem or diagnosis",Available & Incomplete,,Yes,https://ilm-hie.dha.go.ke/ocl/orgs/MOH-KENYA/ValueSet/CONDITION-CODES/,,,,,,,,,,,,,,,,,,
ConditionDiagnosis,,Condition.bodySite,0,*,CodeableConcept,"Anatomical location, if relevant",Available,,Yes,https://ilm-hie.dha.go.ke/ocl/orgs/MOH-KENYA/ValueSet/INSTITUTIONAL-BODY-SITE/,,,,,,,,,,,,,,,,,,
ConditionDiagnosis,,Condition.subject,1,1,Reference(Patient Profile),Who has the condition?,,,,,,,,,,,,,,,,,,,,,,
ConditionDiagnosis,,Condition.encounter,1,1,Reference(Encounter),Encounter created as part of,,,,,,,,,,,,,,,,,,,,,,
ConditionDiagnosis,,Condition.onset[x],1,1,,"Estimated or actual date, date-time, or age",,,,,,,,,,,,,,,,,,,,,,
ConditionDiagnosis,,Condition.onset[x].onsetDateTime,,,dateTime,,,,,,,,,,,,,,,,,,,,,,,
ConditionDiagnosis,,Condition.onset[x].onsetAge,,,Age,,,,,,,,,,,,,,,,,,,,,,,
ConditionDiagnosis,,Condition.onset[x].onsetPeriod,,,Period,,,,,,,,,,,,,,,,,,,,,,,
ConditionDiagnosis,,Condition.onset[x].onsetRange,,,Range,,,,,,,,,,,,,,,,,,,,,,,
ConditionDiagnosis,,Condition.onset[x].onsetString,,,String,,,,,,,,,,,,,,,,,,,,,,,
ConditionDiagnosis,,Condition.recorder,1,1,Reference(Practitioner Profile),Who recorded the condition,,,,,,,,,,,,,,,,,,,,,,
DiagnosticReport,,DiagonsticReport.implicitRules,0,1,uri,A set of  rules under which this content was created ,,,,,,,,,,,,,,,,,,,,,,
DiagnosticReport,,DiagonsticReport.status,1,1,code,registered | partial | preliminary | final +,Missing,,No,http://hl7.org/fhir/ValueSet/diagnostic-report-status,,,,,,,,,,,,,,,,,,
DiagnosticReport,,DiagonsticReport.category,1,*,codeableConcept,​Service category,,,,,,,,,,,,,,,,,,,,,,
DiagnosticReport,,DiagonsticReport.code,1,1,codeableConcept,Name/Code for this diagnostic report,Missing,,No,http://hl7.org/fhir/ValueSet/report-codes,,,,,,,,,,,,,,,,,,
DiagnosticReport,,DiagonsticReport.subject,1,1,Reference(Patient),"The subject of the report - usually, but not always, the patient",,,,,,,,,,,,,,,,,,,,,,
DiagnosticReport,,DiagonsticReport.encounter,0,1,Reference(Encounter),Health care event when test ordered,,,,,,,,,,,,,,,,,,,,,,
DiagnosticReport,,DiagonsticReport.effective[x],1,1,,Clinically relevant time/time-period for report,,,,,,,,,,,,,,,,,,,,,,
DiagnosticReport,,DiagonsticReport.effective[x].effectiveDateTime,,,dateTime,,,,,,,,,,,,,,,,,,,,,,,
DiagnosticReport,,DiagonsticReport.effective[x].effectivePeriod,,,Period,,,,,,,,,,,,,,,,,,,,,,,
DiagnosticReport,,DiagonsticReport.issued,0,1,instant,Clinically relevant time/time-period for report,,,,,,,,,,,,,,,,,,,,,,
DiagnosticReport,,DiagonsticReport.performer,1,*,Reference(Practitioner | PractitionerRole | Organization),Responsible Diagnostic Service,,,,,,,,,,,,,,,,,,,,,,
DiagnosticReport,,DiagonsticReport.resultsInterpreter,0,*,Reference(Practitioner | PractitionerRole | Organization | CareTeam),Primary result interpreter,,,,,,,,,,,,,,,,,,,,,,
DiagnosticReport,,DiagonsticReport.result ,1,*,Reference(Observation) ,Observations,,,,,,,,,,,,,,,,,,,,,,
DiagnosticReport,,DiagonsticReport.conclusion,0,1,string ,Clinical conclusion (interpretation) of test results,,,,,,,,,,,,,,,,,,,,,,
DiagnosticReport,,DiagonsticReport.ConclisionCode,0,*,codeableConcept,Codes for the clinical conclusion of test results,Missing,,No,http://hl7.org/fhir/ValueSet/clinical-findings,,,,,,,,,,,,,,,,,,
DiagnosticReport,,DiagonsticReport.presentedForm,0,*,Attachement ,Entire report as issued,,,,,,,,,,,,,,,,,,,,,,
MedicationStatement,,MedicationStatement.implicitRules,0,1,uri,A set of rules under which this content was created,,,,,,,,,,,,,,,,,,,,,,
MedicationStatement,,MedicationStatement.identifier,0,1,Identifier,External identifier,,,,,,,,,,,,,,,,,,,,,,
MedicationStatement,,MedicationStatement.basedOn,0,1,Reference(MedicationRequest|Careplan|ServiceRequest),"Fulfils plan, proposal or order",,,,,,,,,,,,,,,,,,,,,,
MedicationStatement,,MedicationStatement.status,1,1,code,"active | completed | entered-in-error | intended | stopped | on-hold | unknown | not-taken
Binding: Medication Status Codes (required): A coded concept indicating the current status of a MedicationStatement",,,,http://hl7.org/fhir/ValueSet/medication-statement-status,,,,,,,,,,,,,,,,,,
MedicationStatement,,MedicationStatement.statusReason,0,1,CodeableConcept,"Reason for current status
Binding: SNOMEDCTDrugTherapyStatusCodes (example): A coded concept indicating the reason for the status of the statement.",,,,http://hl7.org/fhir/ValueSet/reason-medication-status-codes,,,,,,,,,,,,,,,,,,
MedicationStatement,,MedicationStatement.Slices for medication[x],1,1,CodeableConcept,"What medication was taken
Slice: Unordered, Closed by type:$this
Binding: SNOMEDCTMedicationCodes (example): A coded concept identifying the substance or product being taken.",,,,http://hl7.org/fhir/ValueSet/medication-codes,,,,,,,,,,,,,,,,,,
MedicationStatement,,MedicationStatement.Slices for medication[x].medication[x]:medicationCodeableConcept,1,1,CodeableConcept,"What medication was taken
Binding: SNOMEDCTMedicationCodes (example): A coded concept identifying the substance or product being taken.",,,,http://hl7.org/fhir/ValueSet/medication-codes,,,,,,,,,,,,,,,,,,
MedicationStatement,,MedicationStatement.subject,1,1,Reference(Patient | Group),Who is/was taking the medication,,,,,,,,,,,,,,,,,,,,,,
MedicationStatement,,MedicationStatement.Slices for effective[x],0,1,,"The date/time or interval when the medication is/was/will be taken
Slice: Unordered, Open by type:$this",,,,,,,,,,,,,,,,,,,,,,
MedicationStatement,,MedicationStatement.Slices for effective[x].effectiveDateTime,,,dateTime,,,,,,,,,,,,,,,,,,,,,,,
MedicationStatement,,MedicationStatement.Slices for effective[x].effectivePeriod,,,Period,,,,,,,,,,,,,,,,,,,,,,,
MedicationStatement,,MedicationStatement.Slices for effective[x].effective[x]:effectivePeriod,0,1,Period,The date/time or interval when the medication is/was/will be taken,,,,,,,,,,,,,,,,,,,,,,
MedicationStatement,,MedicationStatement.Slices for effective[x].effective[x]:effectivePeriod.start,1,1,dateTime,Starting time with inclusive boundary,,,,,,,,,,,,,,,,,,,,,,
MedicationStatement,,MedicationStatement.reasonCode,1,*,CodeableConcept,"Reason for why the medication is being/was taken
Binding: Condition/Problem/DiagnosisCodes (example): A coded concept identifying why the medication is being taken.",,,,http://hl7.org/fhir/ValueSet/condition-code,,,,,,,,,,,,,,,,,,
MedicationStatement,,MedicationStatement.reasonReference,1,*,Reference(Condition | Observation | DiagnosticReport),Condition or observation that supports why the medication is being/was taken,,,,,,,,,,,,,,,,,,,,,,
Organization,,Organization.implicitRules,0,1,uri,A set of rules under which this content was created,,,,,,,,,,,,,,,,,,,,,,
Organization,,Organization.identifier,0,1,Identifier,Identifies this organization across multiple systems,,,,,,,,,,,,,,,,,,,,,,
Organization,,Organization.identifier.use,1,1,Code ,usual | official | temp | secondary | old (If known),,,,http://hl7.org/fhir/ValueSet/identifier-use,,,,,,,,,,,,,,,,,,
Organization,,Organization.identifier.type,0,1,CodeableConcept,Description of identifier,,,,http://hl7.org/fhir/ValueSet/identifier-type,,,,,,,,,,,,,,,,,,
Organization,,Organization.identifier.type.coding,0,*,Coding,Code defined by a terminology system,,,,,,,,,,,,,,,,,,,,,,
Organization,,Organization.identifier.type.coding.system,1,1,uri,Identity of the terminology system,,,,,,,,,,,,,,,,,,,,,,
Organization,,Organization.identifier.type.coding.code,1,1,code,Symbol in syntax defined by the system,,,,,,,,,,,,,,,,,,,,,,
Organization,,Organization.identifier.type.coding.display,1,1,string,Representation defined by the system,,,,,,,,,,,,,,,,,,,,,,
Organization,,Organization.identifier.value,1,1,string,.g KMFL Value for this Facility,,,,,,,,,,,,,,,,,,,,,,
Organization,,Organization.active,1,1,boolean,Whether the organization's record is still in active use,,,,,,,,,,,,,,,,,,,,,,
Organization,,Organization.type,1,1,CodeableConcept,Kind of organization,,,,http://hl7.org/fhir/ValueSet/organization-type,,,,,,,,,,,,,,,,,,
Organization,,Organization.name,1,1,string,Name used for the organization,,,,,,,,,,,,,,,,,,,,,,
Organization,,Organization.address,0,*,Address,An address for the organization,,,,,,,,,,,,,,,,,,,,,,
Organization,,Organization.address.use,0,1,code,home | work | temp | old | billing - purpose of this address,,,,http://hl7.org/fhir/ValueSet/address-use,,,,,,,,,,,,,,,,,,
Organization,,Organization.address.city,1,1,string,Town/City,,,,,,,,,,,,,,,,,,,,,,
Organization,,Organization.address.district,1,1,string,District name (aka county),,,,,,,,,,,,,,,,,,,,,,
Organization,,Organization.address.district.state,1,1,string,Sub-unit of country (abbreviations ok),,,,,,,,,,,,,,,,,,,,,,
Organization,,Organization.address.district.country,0,1,string,Country (e.g. can be ISO 3166 2 or 3 letter code),,,,,,,,,,,,,,,,,,,,,,
Organization,,Organization.contact,0,*,BackboneElement,Contact for the organization for a certain purpose,,,,,,,,,,,,,,,,,,,,,,
Organization,,Organization.contact.telecom,1,1,ContactPoint,"Contact details (telephone, email, etc.) for a contact",,,,,,,,,,,,,,,,,,,,,,
Encounter,,Encounter ,0,*,Encounter,An interaction during which services are provided to the patient,,,,,,,,,,,,,,,,,,,,,,
Encounter,,Encounter.implicitRules,0,1,uri,A set of rules under which this content was created,,,,,,,,,,,,,,,,,,,,,,
Encounter,,Encounter.identifier,1,1,identifier,Identifier(s) by which this encounter is known,,,,,,,,,,,,,,,,,,,,,,
Encounter,,Encounter.status,1,1,code,planned | arrived | triaged | in-progress | onleave | finished | cancelled +,Available,,Yes,https://ilm-hie.dha.go.ke/ocl/orgs/MOH-KENYA/ValueSet/ENCOUNTER-STATUS/,,,,,,,,,,,,,,,,,,
Encounter,,Encounter.class,1,1,coding,Classification of patient encounter,,,,http://terminology.hl7.org/ValueSet/v3-ActEncounterCode,,,,,,,,,,,,,,,,,,
Encounter,,Encounter.serviceType,0,1,CodeableConcept,Specific type of service,,,,https://example.com/fhir/ValueSet/service-type-vs,,,,,,,,,,,,,,,,,,
Encounter,,Encounter.priority,0,1,CodeableConcept,Indicates the urgency of the encounter,,,,http://terminology.hl7.org/ValueSet/v3-ActPriority,,,,,,,,,,,,,,,,,,
Encounter,,Encounter.subject,1,1,Reference(Patient),The patient or group present at the encounter,,,,,,,,,,,,,,,,,,,,,,
Encounter,,Encounter.period,1,1,Period,The start and end time of the encounter,,,,,,,,,,,,,,,,,,,,,,
Encounter,,Encounter.serviceProvider,1,1,Reference(Organization),The organization (facility) responsible for this encounter,,,,,,,,,,,,,,,,,,,,,,
PaymentNotice,,PaymentNotice.id,1,1,id ,"A unique identifier genreated by the source system to identify the organization resource. This ID must be unique within the bundle, and will be used to reference the organization resource when it is needed within other resources.",,,,,,,,,,,,,,,,,,,,,,
PaymentNotice,,PaymentNotice.meta,1,1,Meta,Metadata about a resource,,,,,,,,,,,,,,,,,,,,,,
PaymentNotice,,PaymentNotice.meta.profile,1,*,canonical(StructureDefinition),Profiles this resource claims to conform to,,,,,,,,,,,,,,,,,,,,,,
PaymentNotice,,PaymentNotice.implicitRules,0,1,uri,A set of rules under which this content was created,,,,,,,,,,,,,,,,,,,,,,
PaymentNotice,,PaymentNotice.identifier,1,1,Extension,A unique identifier assigned to this payment notice.,,,,,,,,,,,,,,,,,,,,,,
PaymentNotice,,PaymentNotice.status,1,1,identifier,The status of the resource instance.,,,,http://hl7.org/fhir/ValueSet/fm-status,,,,,,,,,,,,,,,,,,
PaymentNotice,,PaymentNotice.created,1,1,dateTime,The date when this resource was created,,,,,,,,,,,,,,,,,,,,,,
PaymentNotice,,PaymentNotice.provider,1,1,Reference(Organization Profile(,The practitioner who is responsible for the services rendered to the patient. Usually the same party as the .payee.,,,,,,,,,,,,,,,,,,,,,,
PaymentNotice,,PaymentNotice.payment,1,1,Reference(PaymentReconciliation),A reference to the payment which is the subject of this notice.,,,,,,,,,,,,,,,,,,,,,,
PaymentNotice,,PaymentNotice.paymentDate,1,1,date,The date when the above payment action occurred.,,,,,,,,,,,,,,,,,,,,,,
PaymentNotice,,PaymentNotice.payee,1,1,Reference(Organization Profile),The party who will receive or has received payment that is the subject of this notification.,,,,,,,,,,,,,,,,,,,,,,
PaymentNotice,,PaymentNotice.recipient,1,1,Reference(Organization),The party who is notified of the payment status,,,,,,,,,,,,,,,,,,,,,,
PaymentNotice,,PaymentNotice.amount,1,1,Money,The amount sent to the payee,,,,,,,,,,,,,,,,,,,,,,
PaymentNotice,,PaymentNotice.paymentStatus,1,1,CodeableConcept,A code indicating whether payment has been sent or cleared.,,,,http://hl7.org/fhir/ValueSet/payment-status,,,,,,,,,,,,,,,,,,
EpisodeOfCare,,EpisodeOfCare,0,*,EpisodeOfCare,An association of a Patient with an Organization and Healthcare Provider(s) for a period of time that the Organization assumes some level of responsibility,,,,,,,,,,,,,,,,,,,,,,
EpisodeOfCare,,EpisodeOfCare.implicitRules,0,1,uri,A set of rules under which this content was created,,,,,,,,,,,,,,,,,,,,,,
EpisodeOfCare,,EpisodeOfCare.status,1,1,code,planned | waitlist | active | onhold | finished | cancelled | entered-in-error,Available & Incomplete,,Yes,https://ilm-hie.dha.go.ke/ocl/orgs/MOH-KENYA/ValueSet/EPISODE-OF-CARE-STATUS/,,,,,,,,,,,,,,,,,,
EpisodeOfCare,,EpisodeOfCare.statusHistory,0,*,BackboneElement,Past list of status codes (the current status may be included to cover the start date of the status),,,,,,,,,,,,,,,,,,,,,,
EpisodeOfCare,,EpisodeOfCare.statusHistory.status,1,1,code ,planned | waitlist | active | onhold | finished | cancelled | entered-in-error,Available & Incomplete,,Yes,https://ilm-hie.dha.go.ke/ocl/orgs/MOH-KENYA/ValueSet/EPISODE-OF-CARE-STATUS/,,,,,,,,,,,,,,,,,,
EpisodeOfCare,,EpisodeOfCare.statusHistory.period,1,1,period,Duration the EpisodeOfCare was in the specified status,,,,,,,,,,,,,,,,,,,,,,
EpisodeOfCare,,EpisodeOfCare.type,1,*,CodeableConcept,"Type/class - e.g. specialist referral, disease management",Available,,Yes,https://ilm-hie.dha.go.ke/ocl/orgs/MOH-KENYA/ValueSet/EPISODE-OF-CARE-TYPE/,,,,,,,,,,,,,,,,,,
EpisodeOfCare,,EpisodeOfCare.diagnosis,0,*,BackboneElement,The list of diagnosis relevant to this episode of care,,,,,,,,,,,,,,,,,,,,,,
EpisodeOfCare,,EpisodeOfCare.diagnosis.condition,1,1,Reference(Condition),Conditions/problems/diagnoses this episode of care is for,,,,,,,,,,,,,,,,,,,,,,
EpisodeOfCare,,EpisodeOfCare.diagnosis.role,0,1,CodeableConcept,"Role that this diagnosis has within the episode of care (e.g. admission, billing, discharge …)",Missing,,No,http://hl7.org/fhir/ValueSet/diagnosis-role,,,,,,,,,,,,,,,,,,
EpisodeOfCare,,EpisodeOfCare.patient,1,1,Reference(Patient),The patient who is the focus of this episode of care,,,,,,,,,,,,,,,,,,,,,,
EpisodeOfCare,,EpisodeOfCare.managingOrganization,1,1,Reference(Organization),Organization that assumes care,,,,,,,,,,,,,,,,,,,,,,
EpisodeOfCare,,EpisodeOfCare.period,1,1,period,Interval during responsibility is assumed,,,,,,,,,,,,,,,,,,,,,,
EpisodeOfCare,,EpisodeOfCare.refferalRequest,0,*,Reference(ServiceRequest),Originating Referral Request(s),,,,,,,,,,,,,,,,,,,,,,
EpisodeOfCare,,EpisodeOfCare.careManager,0,1,Reference(Practitioner | PractitionerRole),Care manager/care coordinator for the patient,,,,,,,,,,,,,,,,,,,,,,
EpisodeOfCare,,EpisodeOfCare.team,0,*,Reference(CareTeam),Other practitioners facilitating this episode of care,,,,,,,,,,,,,,,,,,,,,,
Practitioner,,Practictioner.implicitRules,0,1,uri,A set of rules under which this content was created,,,,,,,,,,,,,,,,,,,,,,
Practitioner,,Practitioner.identifier,1,1,,An identifier for the person as this agent,,,,,,,,,,,,,,,,,,,,,,
Practitioner,,Practitioner.identifier.use,1,1,code,usual | official | temp | secondary | old (If known),Available,,Yes,https://ilm-hie.dha.go.ke/ocl/orgs/MOH-KENYA/ValueSet/IDENTIFIER-USE/,,,,,,,,,,,,,,,,,,
Practitioner,,Practitioner.identifier.type,0,1,CodeableConcept,Description of identifier,Available,,Yes,https://ilm-hie.dha.go.ke/ocl/orgs/MOH-KENYA/ValueSet/IDENTIFIER-TYPES/,,,,,,,,,,,,,,,,,,
Practitioner,,Practitioner.identifier.type.coding,0,*,Coding,Code defined by a terminology system,,,,,,,,,,,,,,,,,,,,,,
Practitioner,,Practitioner.identifier.type.coding.system,1,1,uri,Identity of the terminology system,,,,,,,,,,,,,,,,,,,,,,
Practitioner,,Practitioner.identifier.type.coding.code,1,1,code,Symbol in syntax defined by the system,,,,,,,,,,,,,,,,,,,,,,
Practitioner,,Practitioner.identifier.type.coding.display,1,1,string,Representation defined by the system,,,,,,,,,,,,,,,,,,,,,,
Practitioner,,Practitioner.identifier.type.text,1,1,string,Plain text representation of the concept,,,,,,,,,,,,,,,,,,,,,,
Practitioner,,Practitioner.identifier.value,1,1,string,The value that is unique,,,,,,,,,,,,,,,,,,,,,,
Practitioner,,Practitioner.active,1,1,boolean,Whether this practitioner's record is in active use,,,,,,,,,,,,,,,,,,,,,,
Practitioner,,Practitioner.name,1,1,HumanName,The name(s) associated with the practitioner,,,,,,,,,,,,,,,,,,,,,,
Practitioner,,Practitioner.name.use,0,1,code,usual | official | temp | nickname | anonymous | old | maiden,Available,,Yes,https://ilm-hie.dha.go.ke/ocl/orgs/MOH-KENYA/ValueSet/NAME-USE/,,,,,,,,,,,,,,,,,,
Practitioner,,Practitioner.name.family,1,1,strig,Family name (often called 'Surname'),,,,,,,,,,,,,,,,,,,,,,
Practitioner,,Practitioner.name.given,1,1,string,Given names (not always 'first'). Includes middle names,,,,,,,,,,,,,,,,,,,,,,
Practitioner,,Practitioner.name.prefix,0,1,string,"Practitioner Salutation
This repeating element order: Prefixes appear in the correct order for presenting the name",,,,,,,,,,,,,,,,,,,,,,
Practitioner,,Practitioner.telecom,0,1,ContactPoint,A contact detail for the practitioner (that apply to all roles),,,,,,,,,,,,,,,,,,,,,,
Practitioner,,Practitioner.telecom.system,1,1,code,phone | fax | email | pager | url | sms | other,Available,,Yes,https://ilm-hie.dha.go.ke/ocl/orgs/MOH-KENYA/ValueSet/CONTACT-POINT-SYSTEM/,,,,,,,,,,,,,,,,,,
Practitioner,,Practitioner.telecom.value,1,1,string,The actual contact point details,,,,,,,,,,,,,,,,,,,,,,
Practitioner,,Practitioner.telecom.use,1,1,code,home | work | temp | old | mobile - purpose of this contact point,Available & Incomplete,,Yes,https://ilm-hie.dha.go.ke/ocl/orgs/MOH-KENYA/ValueSet/CONTACT-POINT-USE/,,,,,,,,,,,,,,,,,,
Practitioner,,Practitioner.address,0,*,Address,Address(es) of the practitioner that are not role specific (typically home address),,,,,,,,,,,,,,,,,,,,,,
Practitioner,,Practitioner.address.use,0,1,code,home | work | temp | old | billing - purpose of this address,Available,,Yes,https://ilm-hie.dha.go.ke/ocl/orgs/MOH-KENYA/ValueSet/ADDRESS-USE/,,,,,,,,,,,,,,,,,,
Practitioner,,Practitioner.address.text,0,1,string,Text representation of the address,,,,,,,,,,,,,,,,,,,,,,
Practitioner,,Practitioner.address.city,0,1,string,Town,,,,,,,,,,,,,,,,,,,,,,
Practitioner,,Practitioner.address.district,0,1,string,Sub County,,,,,,,,,,,,,,,,,,,,,,
Practitioner,,Practitioner.address.state,0,1,string,County,,,,,,,,,,,,,,,,,,,,,,
Practitioner,,Practitioner.address.country,0,1,string,Country (e.g. can be ISO 3166 2 or 3 letter code),,,,,,,,,,,,,,,,,,,,,,
Practitioner,,Practitioner.gender,1,1,Code      ,male | female | other | unknown,Available & Incomplete,,Yes,https://ilm-hie.dha.go.ke/ocl/orgs/MOH-KENYA/ValueSet/ADMINISTRATIVE-GENDER/,,,,,,,,,,,,,,,,,,
Practitioner,,Practitioner.birthDate,1,1,date  ,The date on which the practitioner was born,,,,,,,,,,,,,,,,,,,,,,
Practitioner,,Practitioner.qualification,0,*,Backbone Element,"Certification, licenses, or training pertaining to the provision of care",,,,,,,,,,,,,,,,,,,,,,
Practitioner,,Practitioner.qualification.code,1,1,CodeableConcept,Qualification/Licence,,,No,http://terminology.hl7.org/ValueSet/v2-2.7-0360,,,,,,,,,,,,,,,,,,
Practitioner,,Practitioner.qualification.period,0,1,Period,Period during which the qualification is valid,,,,,,,,,,,,,,,,,,,,,,
Practitioner,,Practitioner.qualification.period.start,1,1,dateTime,Starting time with inclusive boundary,,,,,,,,,,,,,,,,,,,,,,
Practitioner,,Practitioner.qualification.period.end,0,1,dateTime,"End time with inclusive boundary, if not ongoing",,,,,,,,,,,,,,,,,,,,,,
MedicationDispense,,MedicationDispense,0,*,MedicationDispense,Dispensing a medication to a named patient,,,,,,,,,,,,,,,,,,,,,,
MedicationDispense,,MedicationDispense.implicitRules,0,1,uri,A set of rules under which this content was created,,,,,,,,,,,,,,,,,,,,,,
MedicationDispense,,MedicationDispense.status,1,1,Code      ,preparation | in-progress | cancelled | on-hold | completed | entered-in-error | stopped | declined | unknown,Missing,,No,http://hl7.org/fhir/ValueSet/medicationdispense-status,,,,,,,,,,,,,,,,,,
MedicationDispense,,MedicationDispense.slicesForMedication[x],1,1,What medication was supplied,http://hl7.org/fhir/ValueSet/medication-codes,,,,,,,,,,,,,,,,,,,,,,
MedicationDispense,,MedicationDispense.slicesForMedication[x].medicationCodeableConcept,,,CodeableConcept,,,,,,,,,,,,,,,,,,,,,,,
MedicationDispense,,MedicationDispense.slicesForMedication[x].medicationReference,,,Reference(Medication),,,,,,,,,,,,,,,,,,,,,,,
MedicationDispense,,MedicationDispense.slicesForMedication[x].medication[x]:medicalCodeableConcept ,0,1,CodeableConcept,What medication was supplied,Available,,Yes,https://ilm-hie.dha.go.ke/ocl/orgs/MOH-KENYA/ValueSet/GenericProducts/,,,,,,,,,,,,,,,,,,
MedicationDispense,,MedicationDispense.slicesForMedication[x].coding,1,1,Coding,Code defined by a terminology system,,,,,,,,,,,,,,,,,,,,,,
MedicationDispense,,MedicationDispense.slicesForMedication[x].coding.system,1,1,uri,Identity of the terminology system,,,,,,,,,,,,,,,,,,,,,,
MedicationDispense,,MedicationDispense.slicesForMedication[x].coding.code,1,1,code,Symbol in syntax defined by the system,Available,,Yes,https://ilm-hie.dha.go.ke/ocl/orgs/MOH-KENYA/ValueSet/GenericProducts/,,,,,,,,,,,,,,,,,,
MedicationDispense,,MedicationDispense.slicesForMedication[x].coding.display,1,1,string,Representation defined by the system,,,,,,,,,,,,,,,,,,,,,,
MedicationDispense,,MedicationDispense.subject,0,1,Reference(Patient | Group),Who the dispense is for,,,,,,,,,,,,,,,,,,,,,,
MedicationDispense,,MedicationDispense.subject.reference,1,1,string,"Literal reference, Relative, internal or absolute URL",,,,,,,,,,,,,,,,,,,,,,
MedicationDispense,,MedicationDispense.subject.display,1,1,string,Text alternative for the resource,,,,,,,,,,,,,,,,,,,,,,
MedicationDispense,,MedicationDispense.performer,1,1,Backbone Element,Who performed event,,,,,,,,,,,,,,,,,,,,,,
MedicationDispense,,MedicationDispense.performer.actor,1,1,Reference(Practitioner),Individual who was performing,,,,,,,,,,,,,,,,,,,,,,
MedicationDispense,,MedicationDispense.location,0,1,Reference(Location),Where the dispense occurred,,,,,,,,,,,,,,,,,,,,,,
MedicationDispense,,MedicationDispense.authorizingPrescription,1,1,Reference(MedicationRequest),Medication order that authorizes the dispense,,,,,,,,,,,,,,,,,,,,,,
MedicationDispense,,MedicationDispense.type,1,1,CodeableConcept,"Trial fill, partial fill, emergency fill, etc.",,,,http://terminology.hl7.org/ValueSet/v3-ActPharmacySupplyType,,,,,,,,,,,,,,,,,,
MedicationDispense,,MedicationDispense.quantity,1,1,SimpleQuantity(4.0.1),Amount dispensed,,,,,,,,,,,,,,,,,,,,,,
MedicationDispense,,MedicationDispense.whenHandedOver,1,1,dateTime,When product was given out,,,,,,,,,,,,,,,,,,,,,,
MedicationDispense,,MedicationDispense.dosageInstruction,0,*,Dosage,How the medication is to be used by the patient or administered by the caregiver,,,,,,,,,,,,,,,,,,,,,,
MedicationDispense,,MedicationDispense.dosageInstruction.sequence,1,1,integer,The order of the dosage instructions,,,,,,,,,,,,,,,,,,,,,,
MedicationDispense,,MedicationDispense.dosageInstruction.text,1,1,string,Free text dosage instructions e.g. SIG,,,,,,,,,,,,,,,,,,,,,,
MedicationDispense,,MedicationDispense.dosageInstruction.additionalInstruction,1,*,CodeableConcept,"Supplemental instruction or warnings to the patient - e.g. ""with meals"", ""may cause drowsiness""",Missing,,No,http://hl7.org/fhir/ValueSet/additional-instruction-codes,,,,,,,,,,,,,,,,,,
MedicationDispense,,MedicationDispense.dosageInstruction.patientInstruction,1,1,string,Patient or consumer oriented instructions,,,,,,,,,,,,,,,,,,,,,,
MedicationDispense,,MedicationDispense.dosageInstruction.timing,1,1,timing,When medication should be administered,,,,,,,,,,,,,,,,,,,,,,
MedicationDispense,,MedicationDispense.dosageInstruction.asNeeded[x],1,1,,"Take ""as needed"" (for x)",,,,http://hl7.org/fhir/ValueSet/medication-as-needed-reason,,,,,,,,,,,,,,,,,,
MedicationDispense,,MedicationDispense.dosageInstruction.asNeeded[x].asNeededBoolean,,,boolean,,,,,,,,,,,,,,,,,,,,,,,
MedicationDispense,,MedicationDispense.dosageInstruction.asNeeded[x].asNeededCodeableConcept,,,CodeableConcept,,Missing,,No,,,,,,,,,,,,,,,,,,,
MedicationDispense,,MedicationDispense.dosageInstruction.site,1,1,CodeableConcept,Body site to administer to,Missing,,No,http://hl7.org/fhir/ValueSet/approach-site-codes,,,,,,,,,,,,,,,,,,
MedicationDispense,,MedicationDispense.dosageInstruction.route,1,1,CodeableConcept,How drug should enter body,Missing,,No,https://example.com/fhir/ValueSet/route-of-administration,,,,,,,,,,,,,,,,,,
MedicationDispense,,MedicationDispense.dosageInstruction.method,0,1,CodeableConcept,Technique for administering medication,Missing,,No,http://hl7.org/fhir/ValueSet/administration-method-codes,,,,,,,,,,,,,,,,,,
MedicationDispense,,MedicationDispense.dosageInstruction.doseAndRate,0,*,Element,Amount of medication administered,,,,,,,,,,,,,,,,,,,,,,
MedicationDispense,,MedicationDispense.dosageInstruction.doseAndRate.type,0,1,CodeableConcept,The kind of dose or rate specified,Missing,,No,http://hl7.org/fhir/ValueSet/dose-rate-type,,,,,,,,,,,,,,,,,,
MedicationDispense,,MedicationDispense.dosageInstruction.doseAndRate.slicesForDose[x],0,1,,Amount of medication per dose,,,,,,,,,,,,,,,,,,,,,,
MedicationDispense,,MedicationDispense.dosageInstruction.doseAndRate.slicesForDose[x].doseRange,,,Range,,,,,,,,,,,,,,,,,,,,,,,
MedicationDispense,,MedicationDispense.dosageInstruction.doseAndRate.slicesForDose[x].doseQuantity,,,Quantity(simpleQuantity),,,,,,,,,,,,,,,,,,,,,,,
MedicationDispense,,MedicationDispense.dosageInstruction.doseAndRate.slicesForDose[x].dose[x]:doseRange,0,1,Range,Amount of medication per dose,,,,,,,,,,,,,,,,,,,,,,
MedicationDispense,,MedicationDispense.dosageInstruction.doseAndRate.slicesForDose[x].dose[x]:doseQuantity,0,1,simpleQuantity,Amount of medication per dose,,,,,,,,,,,,,,,,,,,,,,
MedicationDispense,,MedicationDispense.dosageInstruction.doseAndRate.SlicesforRate[x],0,1,,Amount of medication per unit of time,,,,,,,,,,,,,,,,,,,,,,
MedicationDispense,,MedicationDispense.dosageInstruction.doseAndRate.SlicesforRate[x].rateRatio,,,Ratio,,,,,,,,,,,,,,,,,,,,,,,
MedicationDispense,,MedicationDispense.dosageInstruction.doseAndRate.SlicesforRate[x].rateRange,,,Range,,,,,,,,,,,,,,,,,,,,,,,
MedicationDispense,,MedicationDispense.dosageInstruction.doseAndRate.SlicesforRate[x].rateQuantity,,,Quantity(SimpleQuantity),,,,,,,,,,,,,,,,,,,,,,,
MedicationDispense,,MedicationDispense.dosageInstruction.doseAndRate.SlicesforRate[x].rate[x]:rateRatio,0,1,Ratio,Amount of medication per unit of time,,,,,,,,,,,,,,,,,,,,,,
MedicationDispense,,MedicationDispense.dosageInstruction.doseAndRate.SlicesforRate[x].rate[x]:rateRange,0,1,Range,Amount of medication per unit of time,,,,,,,,,,,,,,,,,,,,,,
MedicationDispense,,MedicationDispense.dosageInstruction.doseAndRate.SlicesforRate[x].rate[x]:rateQuantity,0,1,SimpleQuantity,Amount of medication per unit of time,,,,,,,,,,,,,,,,,,,,,,
MedicationDispense,,MedicationDispense.dosageInstruction.maxDosePerPeriod,0,1,Ratio,Upper limit on medication per unit of time,,,,,,,,,,,,,,,,,,,,,,
MedicationDispense,,MedicationDispense.dosageInstruction.maxDosePerAdministration,0,1,SimpleQuantity(4.0.1),Upper limit on medication per administration,,,,,,,,,,,,,,,,,,,,,,
MedicationDispense,,MedicationDispense.dosageInstruction.maxDosePerLifetime,0,1,SimpleQuantity(4.0.1),Upper limit on medication per lifetime of the patient,,,,,,,,,,,,,,,,,,,,,,
Patient,,Patient.implicitRules,0,1,uri,A set of rules under which this content was created,,,,,,,,,,,,,,,,,,,,,,
Patient,,Patient.identifier,1,1,Identifier,An identifier for this patient,,,,,,,,,,,,,,,,,,,,,,
Patient,,Patient.identifier.use,1,1,code,official | preferred,Available,,Yes,https://ilm-hie.dha.go.ke/ocl/orgs/MOH-KENYA/ValueSet/IDENTIFIER-USE/,,,,,,,,,,,,,,,,,,
Patient,,Patient.identifier.type,0,1,CodeableConcept,Description of identifier,Available,,Yes,https://ilm-hie.dha.go.ke/ocl/orgs/MOH-KENYA/ValueSet/IDENTIFIER-TYPES//,,,,,,,,,,,,,,,,,,
Patient,,Patient.identifier.type.coding,0,*,coding,Code defined by a terminology system,Available,,Yes,https://ilm-hie.dha.go.ke/ocl/orgs/MOH-KENYA/ValueSet/IDENTIFIER-TYPES//,,,,,,,,,,,,,,,,,,
Patient,,Patient.identifier.type.coding.system,1,1,uri,Identity of the terminology system,,,,,,,,,,,,,,,,,,,,,,
Patient,,Patient.identifier.type.coding.code,1,1,code,Symbol in syntax defined by the system,Available,,Yes,https://ilm-hie.dha.go.ke/ocl/orgs/MOH-KENYA/ValueSet/IDENTIFIER-TYPES//,,,,,,,,,,,,,,,,,,
Patient,,Patient.identifier.type.coding.display,1,1,string,Representation defined by the system,,,,,,,,,,,,,,,,,,,,,,
Patient,,Patient.identifier.value,1,1,string,The value that is unique,,,,,,,,,,,,,,,,,,,,,,
Patient,,Patient.identifier.active,0,1,boolean,Whether this patient's record is in active use,,,,,,,,,,,,,,,,,,,,,,
Patient,,Patient.name,1,1,HumanName,A name associated with the patient,,,,,,,,,,,,,,,,,,,,,,
Patient,,Patient.name.use,0,1,code,usual | official | temp | nickname | anonymous | old | maiden,Available,,Yes,https://ilm-hie.dha.go.ke/ocl/orgs/MOH-KENYA/ValueSet/NAME-USE/,,,,,,,,,,,,,,,,,,
Patient,,Patient.name.text,0,1,string,Text representation of the full name,,,,,,,,,,,,,,,,,,,,,,
Patient,,Patient.name.family,1,1,string,Family name (often called 'Surname'),,,,,,,,,,,,,,,,,,,,,,
Patient,,Patient.name.given,1,1,string,"Given names (not always 'first'). Includes middle names
This repeating element order: Given Names appear in the correct order for presenting the name",,,,,,,,,,,,,,,,,,,,,,
Patient,,Patient.telecom,1,1,ContactPoint,A contact detail for the individual,,,,,,,,,,,,,,,,,,,,,,
Patient,,Patient.telecom.system,1,1,code,phone | fax | email | pager | url | sms | other,Available,,Yes,https://ilm-hie.dha.go.ke/ocl/orgs/MOH-KENYA/ValueSet/CONTACT-POINT-SYSTEM/,,,,,,,,,,,,,,,,,,
Patient,,Patient.telecom.value,1,1,string,The actual contact point details,,,,,,,,,,,,,,,,,,,,,,
Patient,,Patient.telecom.use,0,1,code,home | work | temp | old | mobile - purpose of this contact point,Available & Incomplete,,Yes,https://ilm-hie.dha.go.ke/ocl/orgs/MOH-KENYA/ValueSet/CONTACT-POINT-USE/,,,,,,,,,,,,,,,,,,
Patient,,Patient.gender,1,1,code,male | female | other | unknown,Available,,Yes,https://ilm-hie.dha.go.ke/ocl/orgs/MOH-KENYA/ValueSet/GENDER/,,,,,,,,,,,,,,,,,,
Patient,,Patient.birthDate,1,1,date,The date of birth for the individual,,,,,,,,,,,,,,,,,,,,,,
Patient,,Patient.Slices for deceased[x],0,1,,Indicates if the individual is deceased or not,,,,,,,,,,,,,,,,,,,,,,
Patient,,Patient.Slices for deceased[x].deceasedBoolean,0,1,boolean,,,,,,,,,,,,,,,,,,,,,,,
Patient,,Patient.Slices for deceased[x]. deceasedDateTime,0,1,dateTime,,,,,,,,,,,,,,,,,,,,,,,
Patient,,Patient.Slices for deceased[x].deceased[x]:deceasedBoolean,0,1,boolean,Indicates if the individual is deceased or not,,,,,,,,,,,,,,,,,,,,,,
Patient,,Patient.Slices for deceased[x].deceased[x]:. deceased[x]:deceasedDateTime        ,0,1,dateTime,Indicates if the individual is deceased or not,,,,,,,,,,,,,,,,,,,,,,
Patient,,Patient.address,0,1,Address,An address for the individual,,,,,,,,,,,,,,,,,,,,,,
Patient,,Patient.address.use,0,1,code,home | work | temp | old | billing - purpose of this address,Available,,Yes,https://ilm-hie.dha.go.ke/ocl/orgs/MOH-KENYA/ValueSet/ADDRESS-USE/,,,,,,,,,,,,,,,,,,
Patient,,Patient.address.city,0,1,string,Beficiary's Ward,,,,,,,,,,,,,,,,,,,,,,
Patient,,Patient.address.district,0,1,string,Beneficiary's Sub County,,,,,,,,,,,,,,,,,,,,,,
Patient,,Patient.address.state,0,1,string,Beneficiary's County,,,,,,,,,,,,,,,,,,,,,,
Patient,,Patient.address.postalCode,0,1,string,Postal code for area,,,,,,,,,,,,,,,,,,,,,,
Patient,,Patient.address.country,0,1,string,Country (e.g. can be ISO 3166 2 or 3 letter code),,,,,,,,,,,,,,,,,,,,,,
Patient,,Patient.maritalStatus,0,1,CodeableConcept,Marital (civil) status of a patient,Available,,Yes,https://ilm-hie.dha.go.ke/ocl/orgs/MOH-KENYA/ValueSet/CIVIL-STATUS/,,,,,,,,,,,,,,,,,,
Patient,,Patient.contact,1,*,BackboneElemet,"A contact party (e.g. guardian, partner, friend) for the patient",,,,,,,,,,,,,,,,,,,,,,
Patient,,Patient.contact.relationship,0,*,CodeableConcept,The kind of relationship,Missing,,No,http://hl7.org/fhir/ValueSet/patient-contactrelationship,,,,,,,,,,,,,,,,,,
Patient,,Patient.contact.relationship.coding,0,*,Coding,Code defined by a terminology system,Missing,,,,,,,,,,,,,,,,,,,,,
Patient,,Patient.contact.relationship.coding.system,1,1,uri,Identity of the terminology system,,,,,,,,,,,,,,,,,,,,,,
Patient,,Patient.contact.relationship.coding.code,1,1,code,Symbol in syntax defined by the system,Missing,,,,,,,,,,,,,,,,,,,,,
Patient,,Patient.contact.relationship.coding.display,1,1,string,Representation defined by the system,,,,,,,,,,,,,,,,,,,,,,
Patient,,Patient.contact.name,1,1,HumanName,A name associated with the contact person,,,,,,,,,,,,,,,,,,,,,,
Patient,,Patient.contact.telecom,1,1,ContactPoint,A contact detail for the person,,,,,,,,,,,,,,,,,,,,,,
Patient,,Patient.link,0,*,BackboneElemet,Link to another patient resource that concerns the same actual person,,,,,,,,,,,,,,,,,,,,,,
Patient,,Patient.link.other,1,1,Reference(Patient | RelatedPerson),The other patient or related person resource that the link refers to,,,,,,,,,,,,,,,,,,,,,,
Patient,,Patient.link.type,1,1,code,replaced-by | replaces | refer | seealso,Missing,,,http://hl7.org/fhir/ValueSet/link-type,,,,,,,,,,,,,,,,,,